Workbook

Sheet Summary
A1: Short-rate models calibrated to the US 3-month Treasury yield, 2000 to 2024 (FRED DGS3MO)
A3: dt (years) | B3: =1/252 -> 0.003968254
A4: Observations | B4: 6253
A6: Parameter | B6: Vasicek | C6: CIR
A7: a (mean-reversion speed) | B7: 0.10325262 | C7: 1.1560631
A8: b (long-run mean) | B8: 0.014199549 | C8: 0.0181342
A9: sigma | B9: 0.0073415884 | C9: 0.12363142
A10: Log-likelihood | B10: =Vasicek_MLE!G2 -> 39138.656 | C10: =CIR_MLE!G2 -> 37589.822
A11: Feller condition 2ab >= sigma^2 | C11: =IF(2*C7*C8>=C9^2,"Satisfied","Violated") -> Satisfied
A12: Last observed short rate | B12: =Data!C6254 -> 0.0437 | C12: =Data!C6254 -> 0.0437
A14: Vasicek 1-year zero-coupon bond price (closed form)
A15: B(T) | B15: =(1-EXP(-B7*1))/B7 -> 0.95010561
A16: A(T) | B16: =EXP((B8-B9^2/(2*B7^2))*(B15-1)-B9^2*B15^2/(4*B7)) -> 0.99930009
A17: P(0,1y) | B17: =B16*EXP(-B15*B12) -> 0.95865907
A18: Implied 1y continuously compounded yield | B18: =-LN(B17) -> 0.042219773
A20: Parameters (B7:C9) were found by maximizing the log-likelihood in Python (scipy L-BFGS-B, bounds a in [0.01,5], b in [0,10%], sigma in [0.01%,50%]).
A21: To re-optimize in Excel, point Solver at G2 on each MLE sheet and change the three parameter cells.
A22: Vasicek uses the exact Gaussian transition density; CIR uses the Euler Gaussian approximation.
A23: A single year of data gives an unidentified mean-reversion speed (the 2024 series just trends), so the full 2000-2024 daily history is used.

Sheet Data
A1: Date | B1: DGS3MO (%) | C1: Short rate (decimal)
A2: 36528 | B2: 5.48 | C2: =B2/100 -> 0.0548
A3: 36529 | B3: 5.43 | C3: =B3/100 -> 0.0543
A4: 36530 | B4: 5.44 | C4: =B4/100 -> 0.0544
A5: 36531 | B5: 5.41 | C5: =B5/100 -> 0.0541
A6: 36532 | B6: 5.38 | C6: =B6/100 -> 0.0538
A7: 36535 | B7: 5.42 | C7: =B7/100 -> 0.0542
A8: 36536 | B8: 5.43 | C8: =B8/100 -> 0.0543
A9: 36537 | B9: 5.45 | C9: =B9/100 -> 0.0545
A10: 36538 | B10: 5.41 | C10: =B10/100 -> 0.0541
A11: 36539 | B11: 5.41 | C11: =B11/100 -> 0.0541
A12: 36543 | B12: 5.56 | C12: =B12/100 -> 0.0556
A13: 36544 | B13: 5.51 | C13: =B13/100 -> 0.0551
... A6254: 45657 | B6254: 4.37 | C6254: =B6254/100 -> 0.0437

Sheet Vasicek_MLE
A1: r(t) | B1: r(t+1) | C1: Mean | D1: Variance | E1: Log density | G1: Total log-likelihood
A2: =Data!C2 -> 0.0548 | B2: =Data!C3 -> 0.0543 | C2: =Summary!$B$8+(A2-Summary!$B$8)*EXP(-Summary!$B$7*Summary!$B$3) -> 0.054783368 | D2: =Summary!$B$9^2*(1-EXP(-2*Summary!$B$7*Summary!$B$3))/(2*Summary!$B$7) -> 2.1379699e-07 | E2: =LN(NORMDIST(B2,C2,SQRT(D2),FALSE())) -> 6.2137637 | G2: =SUM(E2:E6253) -> 39138.656
A3: =Data!C3 -> 0.0543 | B3: =Data!C4 -> 0.0544 | C3: =Summary!$B$8+(A3-Summary!$B$8)*EXP(-Summary!$B$7*Summary!$B$3) -> 0.054283573 | D3: =Summary!$B$9^2*(1-EXP(-2*Summary!$B$7*Summary!$B$3))/(2*Summary!$B$7) -> 2.1379699e-07 | E3: =LN(NORMDIST(B3,C3,SQRT(D3),FALSE())) -> 6.7284797
A4: =Data!C4 -> 0.0544 | B4: =Data!C5 -> 0.0541 | C4: =Summary!$B$8+(A4-Summary!$B$8)*EXP(-Summary!$B$7*Summary!$B$3) -> 0.054383532 | D4: =Summary!$B$9^2*(1-EXP(-2*Summary!$B$7*Summary!$B$3))/(2*Summary!$B$7) -> 2.1379699e-07 | E4: =LN(NORMDIST(B4,C4,SQRT(D4),FALSE())) -> 6.5721746
A5: =Data!C5 -> 0.0541 | B5: =Data!C6 -> 0.0538 | C5: =Summary!$B$8+(A5-Summary!$B$8)*EXP(-Summary!$B$7*Summary!$B$3) -> 0.054083655 | D5: =Summary!$B$9^2*(1-EXP(-2*Summary!$B$7*Summary!$B$3))/(2*Summary!$B$7) -> 2.1379699e-07 | E5: =LN(NORMDIST(B5,C5,SQRT(D5),FALSE())) -> 6.5720116
A6: =Data!C6 -> 0.0538 | B6: =Data!C7 -> 0.0542 | C6: =Summary!$B$8+(A6-Summary!$B$8)*EXP(-Summary!$B$7*Summary!$B$3) -> 0.053783778 | D6: =Summary!$B$9^2*(1-EXP(-2*Summary!$B$7*Summary!$B$3))/(2*Summary!$B$7) -> 2.1379699e-07 | E6: =LN(NORMDIST(B6,C6,SQRT(D6),FALSE())) -> 6.3550279
A7: =Data!C7 -> 0.0542 | B7: =Data!C8 -> 0.0543 | C7: =Summary!$B$8+(A7-Summary!$B$8)*EXP(-Summary!$B$7*Summary!$B$3) -> 0.054183614 | D7: =Summary!$B$9^2*(1-EXP(-2*Summary!$B$7*Summary!$B$3))/(2*Summary!$B$7) -> 2.1379699e-07 | E7: =LN(NORMDIST(B7,C7,SQRT(D7),FALSE())) -> 6.728502
A8: =Data!C8 -> 0.0543 | B8: =Data!C9 -> 0.0545 | C8: =Summary!$B$8+(A8-Summary!$B$8)*EXP(-Summary!$B$7*Summary!$B$3) -> 0.054283573 | D8: =Summary!$B$9^2*(1-EXP(-2*Summary!$B$7*Summary!$B$3))/(2*Summary!$B$7) -> 2.1379699e-07 | E8: =LN(NORMDIST(B8,C8,SQRT(D8),FALSE())) -> 6.6506361
A9: =Data!C9 -> 0.0545 | B9: =Data!C10 -> 0.0541 | C9: =Summary!$B$8+(A9-Summary!$B$8)*EXP(-Summary!$B$7*Summary!$B$3) -> 0.054483491 | D9: =Summary!$B$9^2*(1-EXP(-2*Summary!$B$7*Summary!$B$3))/(2*Summary!$B$7) -> 2.1379699e-07 | E9: =LN(NORMDIST(B9,C9,SQRT(D9),FALSE())) -> 6.4162441
A10: =Data!C10 -> 0.0541 | B10: =Data!C11 -> 0.0541 | C10: =Summary!$B$8+(A10-Summary!$B$8)*EXP(-Summary!$B$7*Summary!$B$3) -> 0.054083655 | D10: =Summary!$B$9^2*(1-EXP(-2*Summary!$B$7*Summary!$B$3))/(2*Summary!$B$7) -> 2.1379699e-07 | E10: =LN(NORMDIST(B10,C10,SQRT(D10),FALSE())) -> 6.7595561
A11: =Data!C11 -> 0.0541 | B11: =Data!C12 -> 0.0556 | C11: =Summary!$B$8+(A11-Summary!$B$8)*EXP(-Summary!$B$7*Summary!$B$3) -> 0.054083655 | D11: =Summary!$B$9^2*(1-EXP(-2*Summary!$B$7*Summary!$B$3))/(2*Summary!$B$7) -> 2.1379699e-07 | E11: =LN(NORMDIST(B11,C11,SQRT(D11),FALSE())) -> 1.3828773
A12: =Data!C12 -> 0.0556 | B12: =Data!C13 -> 0.0551 | C12: =Summary!$B$8+(A12-Summary!$B$8)*EXP(-Summary!$B$7*Summary!$B$3) -> 0.05558304 | D12: =Summary!$B$9^2*(1-EXP(-2*Summary!$B$7*Summary!$B$3))/(2*Summary!$B$7) -> 2.1379699e-07 | E12: =LN(NORMDIST(B12,C12,SQRT(D12),FALSE())) -> 6.2145044
A13: =Data!C13 -> 0.0551 | B13: =Data!C14 -> 0.0548 | C13: =Summary!$B$8+(A13-Summary!$B$8)*EXP(-Summary!$B$7*Summary!$B$3) -> 0.055083245 | D13: =Summary!$B$9^2*(1-EXP(-2*Summary!$B$7*Summary!$B$3))/(2*Summary!$B$7) -> 2.1379699e-07 | E13: =LN(NORMDIST(B13,C13,SQRT(D13),FALSE())) -> 6.5725547
A14: =Data!C14 -> 0.0548 | B14: =Data!C15 -> 0.0547 | C14: =Summary!$B$8+(A14-Summary!$B$8)*EXP(-Summary!$B$7*Summary!$B$3) -> 0.054783368 | D14: =Summary!$B$9^2*(1-EXP(-2*Summary!$B$7*Summary!$B$3))/(2*Summary!$B$7) -> 2.1379699e-07 | E14: =LN(NORMDIST(B14,C14,SQRT(D14),FALSE())) -> 6.7439266
... A6253: =Data!C6253 -> 0.0437 | B6253: =Data!C6254 -> 0.0437 | C6253: =Summary!$B$8+(A6253-Summary!$B$8)*EXP(-Summary!$B$7*Summary!$B$3) -> 0.043687915 | D6253: =Summary!$B$9^2*(1-EXP(-2*Summary!$B$7*Summary!$B$3))/(2*Summary!$B$7) -> 2.1379699e-07 | E6253: =LN(NORMDIST(B6253,C6253,SQRT(D6253),FALSE())) -> 6.7598394

Sheet CIR_MLE
A1: r(t) | B1: r(t+1) | C1: Mean | D1: Variance | E1: Log density | G1: Total log-likelihood
A2: =Data!C2 -> 0.0548 | B2: =Data!C3 -> 0.0543 | C2: =A2+Summary!$C$7*(Summary!$C$8-A2)*Summary!$B$3 -> 0.054631794 | D2: =Summary!$C$9^2*MAX(A2,0.000001)*Summary!$B$3 -> 3.3238218e-06 | E2: =LN(NORMDIST(B2,C2,SQRT(D2),FALSE())) -> 5.3716988 | G2: =SUM(E2:E6253) -> 37589.822
A3: =Data!C3 -> 0.0543 | B3: =Data!C4 -> 0.0544 | C3: =A3+Summary!$C$7*(Summary!$C$8-A3)*Summary!$B$3 -> 0.054134088 | D3: =Summary!$C$9^2*MAX(A3,0.000001)*Summary!$B$3 -> 3.293495e-06 | E3: =LN(NORMDIST(B3,C3,SQRT(D3),FALSE())) -> 5.3821074
A4: =Data!C4 -> 0.0544 | B4: =Data!C5 -> 0.0541 | C4: =A4+Summary!$C$7*(Summary!$C$8-A4)*Summary!$B$3 -> 0.054233629 | D4: =Summary!$C$9^2*MAX(A4,0.000001)*Summary!$B$3 -> 3.2995603e-06 | E4: =LN(NORMDIST(B4,C4,SQRT(D4),FALSE())) -> 5.3892162
A5: =Data!C5 -> 0.0541 | B5: =Data!C6 -> 0.0538 | C5: =A5+Summary!$C$7*(Summary!$C$8-A5)*Summary!$B$3 -> 0.053935005 | D5: =Summary!$C$9^2*MAX(A5,0.000001)*Summary!$B$3 -> 3.2813642e-06 | E5: =LN(NORMDIST(B5,C5,SQRT(D5),FALSE())) -> 5.3919099
A6: =Data!C6 -> 0.0538 | B6: =Data!C7 -> 0.0542 | C6: =A6+Summary!$C$7*(Summary!$C$8-A6)*Summary!$B$3 -> 0.053636381 | D6: =Summary!$C$9^2*MAX(A6,0.000001)*Summary!$B$3 -> 3.2631681e-06 | E6: =LN(NORMDIST(B6,C6,SQRT(D6),FALSE())) -> 5.348793
A7: =Data!C7 -> 0.0542 | B7: =Data!C8 -> 0.0543 | C7: =A7+Summary!$C$7*(Summary!$C$8-A7)*Summary!$B$3 -> 0.054034546 | D7: =Summary!$C$9^2*MAX(A7,0.000001)*Summary!$B$3 -> 3.2874296e-06 | E7: =LN(NORMDIST(B7,C7,SQRT(D7),FALSE())) -> 5.3830463
A8: =Data!C8 -> 0.0543 | B8: =Data!C9 -> 0.0545 | C8: =A8+Summary!$C$7*(Summary!$C$8-A8)*Summary!$B$3 -> 0.054134088 | D8: =Summary!$C$9^2*MAX(A8,0.000001)*Summary!$B$3 -> 3.293495e-06 | E8: =LN(NORMDIST(B8,C8,SQRT(D8),FALSE())) -> 5.3725154
A9: =Data!C9 -> 0.0545 | B9: =Data!C10 -> 0.0541 | C9: =A9+Summary!$C$7*(Summary!$C$8-A9)*Summary!$B$3 -> 0.05433317 | D9: =Summary!$C$9^2*MAX(A9,0.000001)*Summary!$B$3 -> 3.3056257e-06 | E9: =LN(NORMDIST(B9,C9,SQRT(D9),FALSE())) -> 5.3827803
A10: =Data!C10 -> 0.0541 | B10: =Data!C11 -> 0.0541 | C10: =A10+Summary!$C$7*(Summary!$C$8-A10)*Summary!$B$3 -> 0.053935005 | D10: =Summary!$C$9^2*MAX(A10,0.000001)*Summary!$B$3 -> 3.2813642e-06 | E10: =LN(NORMDIST(B10,C10,SQRT(D10),FALSE())) -> 5.3905389
A11: =Data!C11 -> 0.0541 | B11: =Data!C12 -> 0.0556 | C11: =A11+Summary!$C$7*(Summary!$C$8-A11)*Summary!$B$3 -> 0.053935005 | D11: =Summary!$C$9^2*MAX(A11,0.000001)*Summary!$B$3 -> 3.2813642e-06 | E11: =LN(NORMDIST(B11,C11,SQRT(D11),FALSE())) -> 4.9722701
A12: =Data!C12 -> 0.0556 | B12: =Data!C13 -> 0.0551 | C12: =A12+Summary!$C$7*(Summary!$C$8-A12)*Summary!$B$3 -> 0.055428124 | D12: =Summary!$C$9^2*MAX(A12,0.000001)*Summary!$B$3 -> 3.3723447e-06 | E12: =LN(NORMDIST(B12,C12,SQRT(D12),FALSE())) -> 5.3650497
A13: =Data!C13 -> 0.0551 | B13: =Data!C14 -> 0.0548 | C13: =A13+Summary!$C$7*(Summary!$C$8-A13)*Summary!$B$3 -> 0.054930417 | D13: =Summary!$C$9^2*MAX(A13,0.000001)*Summary!$B$3 -> 3.3420179e-06 | E13: =LN(NORMDIST(B13,C13,SQRT(D13),FALSE())) -> 5.3829847
A14: =Data!C14 -> 0.0548 | B14: =Data!C15 -> 0.0547 | C14: =A14+Summary!$C$7*(Summary!$C$8-A14)*Summary!$B$3 -> 0.054631794 | D14: =Summary!$C$9^2*MAX(A14,0.000001)*Summary!$B$3 -> 3.3238218e-06 | E14: =LN(NORMDIST(B14,C14,SQRT(D14),FALSE())) -> 5.3875593
... A6253: =Data!C6253 -> 0.0437 | B6253: =Data!C6254 -> 0.0437 | C6253: =A6253+Summary!$C$7*(Summary!$C$8-A6253)*Summary!$B$3 -> 0.043582716 | D6253: =Summary!$C$9^2*MAX(A6253,0.000001)*Summary!$B$3 -> 2.6505659e-06 | E6253: =LN(NORMDIST(B6253,C6253,SQRT(D6253),FALSE())) -> 5.4988353

Sheet Shocks
A1: path 1 | B1: path 2 | C1: path 3 | D1: path 4 | E1: path 5 | F1: path 6 | G1: path 7 | H1: path 8 | I1: path 9 | J1: path 10 | K1: path 11 | L1: path 12 | M1: path 13 | N1: path 14 | O1: path 15 | P1: path 16 | Q1: path 17 | R1: path 18 | S1: path 19 | T1: path 20
A2: 0.49671415 | B2: -0.1382643 | C2: 0.64768854 | D2: 1.5230299 | E2: -0.23415337 | F2: -0.23413696 | G2: 1.5792128 | H2: 0.76743473 | I2: -0.46947439 | J2: 0.54256004 | K2: -0.46341769 | L2: -0.46572975 | M2: 0.24196227 | N2: -1.9132802 | O2: -1.7249178 | P2: -0.56228753 | Q2: -1.0128311 | R2: 0.31424733 | S2: -0.90802408 | T2: -1.4123037
A3: 1.4656488 | B3: -0.2257763 | C3: 0.067528205 | D3: -1.4247482 | E3: -0.54438272 | F3: 0.11092259 | G3: -1.1509936 | H3: 0.37569802 | I3: -0.60063869 | J3: -0.29169375 | K3: -0.60170661 | L3: 1.8522782 | M3: -0.013497225 | N3: -1.0577109 | O3: 0.82254491 | P3: -1.2208436 | Q3: 0.2088636 | R3: -1.9596701 | S3: -1.328186 | T3: 0.19686124
A4: 0.73846658 | B4: 0.17136828 | C4: -0.11564828 | D4: -0.3011037 | E4: -1.478522 | F4: -0.71984421 | G4: -0.46063877 | H4: 1.0571222 | I4: 0.34361829 | J4: -1.7630402 | K4: 0.32408397 | L4: -0.38508228 | M4: -0.676922 | N4: 0.61167629 | O4: 1.0309995 | P4: 0.93128012 | Q4: -0.83921752 | R4: -0.30921238 | S4: 0.33126343 | T4: 0.97554513
A5: -0.47917424 | B5: -0.18565898 | C5: -1.106335 | D5: -1.1962066 | E5: 0.81252582 | F5: 1.35624 | G5: -0.072010122 | H5: 1.0035329 | I5: 0.36163603 | J5: -0.64511975 | K5: 0.36139561 | L5: 1.5380366 | M5: -0.035826039 | N5: 1.5646437 | O5: -2.6197451 | P5: 0.8219025 | Q5: 0.087047068 | R5: -0.29900735 | S5: 0.091760777 | T5: -1.9875689
A6: -0.21967189 | B6: 0.35711257 | C6: 1.477894 | D6: -0.51827022 | E6: -0.8084936 | F6: -0.50175704 | G6: 0.91540212 | H6: 0.32875111 | I6: -0.5297602 | J6: 0.51326743 | K6: 0.097077549 | L6: 0.96864499 | M6: -0.70205309 | N6: -0.32766215 | O6: -0.39210815 | P6: -1.4635149 | Q6: 0.29612028 | R6: 0.26105527 | S6: 0.0051134566 | T6: -0.23458713
A7: -1.4153707 | B7: -0.42064532 | C7: -0.34271452 | D7: -0.80227727 | E7: -0.16128571 | F7: 0.40405086 | G7: 1.8861859 | H7: 0.17457781 | I7: 0.25755039 | J7: -0.074445916 | K7: -1.9187712 | L7: -0.026513875 | M7: 0.06023021 | N7: 2.4632421 | O7: -0.19236096 | P7: 0.30154734 | Q7: -0.03471177 | R7: -1.168678 | S7: 1.1428228 | T7: 0.75193303
A8: 0.79103195 | B8: -0.90938745 | C8: 1.4027943 | D8: -1.4018511 | E8: 0.58685709 | F8: 2.1904556 | G8: -0.99053633 | H8: -0.56629773 | I8: 0.099651365 | J8: -0.50347565 | K8: -1.5506634 | L8: 0.068562975 | M8: -1.0623037 | N8: 0.47359243 | O8: -0.91942423 | P8: 1.5499344 | Q8: -0.78325329 | R8: -0.32206152 | S8: 0.81351722 | T8: -1.2308643
A9: 0.22745993 | B9: 1.3071428 | C9: -1.6074832 | D9: 0.18463386 | E9: 0.25988279 | F9: 0.78182287 | G9: -1.2369507 | H9: -1.3204566 | I9: 0.52194157 | J9: 0.29698467 | K9: 0.25049285 | L9: 0.34644821 | M9: -0.68002472 | N9: 0.2322537 | O9: 0.29307247 | P9: -0.71435142 | Q9: 1.8657745 | R9: 0.47383292 | S9: -1.1913035 | T9: 0.65655361
A10: -0.97468167 | B10: 0.7870846 | C10: 1.1585956 | D10: -0.82068232 | E10: 0.96337613 | F10: 0.41278093 | G10: 0.82206016 | H10: 1.896793 | I10: -0.24538812 | J10: -0.75373616 | K10: -0.88951443 | L10: -0.81581028 | M10: -0.077101709 | N10: 0.34115197 | O10: 0.2766908 | P10: 0.82718325 | Q10: 0.013001892 | R10: 1.4535341 | S10: -0.26465683 | T10: 2.7201692
A11: 0.62566735 | B11: -0.85715756 | C11: -1.0708925 | D11: 0.48247242 | E11: -0.22346279 | F11: 0.71400049 | G11: 0.47323762 | H11: -0.072828913 | I11: -0.84679372 | J11: -1.5148472 | K11: -0.44651495 | L11: 0.85639879 | M11: 0.21409374 | N11: -1.2457388 | O11: 0.17318093 | P11: 0.38531738 | Q11: -0.88385744 | R11: 0.15372511 | S11: 0.058208718 | T11: -1.1429703
A12: 0.35778736 | B12: 0.56078453 | C12: 1.0830512 | D12: 1.0538021 | E12: -1.3776694 | F12: -0.93782504 | G12: 0.51503527 | H12: 0.51378595 | I12: 0.51504769 | J12: 3.8527315 | K12: 0.57089051 | L12: 1.1355656 | M12: 0.95400176 | N12: 0.65139125 | O12: -0.31526924 | P12: 0.75896922 | Q12: -0.77282521 | R12: -0.23681861 | S12: -0.48536355 | T12: 0.081874139
A13: 2.3146586 | B13: -1.8672652 | C13: 0.68626019 | D13: -1.6127159 | E13: -0.47193187 | F13: 1.0889506 | G13: 0.064280019 | H13: -1.0777448 | I13: -0.71530371 | J13: 0.67959775 | K13: -0.73036663 | L13: 0.21645859 | M13: 0.04557184 | N13: -0.65160035 | O13: 2.1439441 | P13: 0.63391902 | Q13: -2.0251426 | R13: 0.18645431 | S13: -0.66178646 | T13: 0.85243333
... A253: -0.05790775 | B253: -0.7351168 | C253: -0.18592448 | D253: -1.5993948 | E253: 2.2770865 | F253: -1.234512 | G253: -1.0319663 | H253: -0.4402592 | I253: 1.2880757 | J253: 0.014508999 | K253: -1.2361358 | L253: 1.2543384 | M253: 0.73100063 | N253: 0.53843496 | O253: 0.71573424 | P253: 2.3943619 | Q253: 2.1850949 | R253: -0.68671534 | S253: 1.623885 | T253: 0.38316819

Sheet Vasicek_Sim
A1: step | B1: path 1 | C1: path 2 | D1: path 3 | E1: path 4 | F1: path 5 | G1: path 6 | H1: path 7 | I1: path 8 | J1: path 9 | K1: path 10 | L1: path 11 | M1: path 12 | N1: path 13 | O1: path 14 | P1: path 15 | Q1: path 16 | R1: path 17 | S1: path 18 | T1: path 19 | U1: path 20
A2: 0 | B2: =Summary!$B$12 -> 0.0437 | C2: =Summary!$B$12 -> 0.0437 | D2: =Summary!$B$12 -> 0.0437 | E2: =Summary!$B$12 -> 0.0437 | F2: =Summary!$B$12 -> 0.0437 | G2: =Summary!$B$12 -> 0.0437 | H2: =Summary!$B$12 -> 0.0437 | I2: =Summary!$B$12 -> 0.0437 | ... U2: =Summary!$B$12 -> 0.0437
A3: 1 | B3: =Summary!$B$8+(B2-Summary!$B$8)*EXP(-Summary!$B$7*Summary!$B$3)+Summary!$B$9*SQRT((1-EXP(-2*Summary!$B$7*Summary!$B$3))/(2*Summary!$B$7))*Shocks!B2 -> 0.043623984 | C3: =Summary!$B$8+(C2-Summary!$B$8)*EXP(-Summary!$B$7*Summary!$B$3)+Summary!$B$9*SQRT((1-EXP(-2*Summary!$B$7*Summary!$B$3))/(2*Summary!$B$7))*Shocks!C2 -> 0.043987395 | D3: =Summary!$B$8+(D2-Summary!$B$8)*EXP(-Summary!$B$7*Summary!$B$3)+Summary!$B$9*SQRT((1-EXP(-2*Summary!$B$7*Summary!$B$3))/(2*Summary!$B$7))*Shocks!D2 -> 0.044392137 | E3: =Summary!$B$8+(E2-Summary!$B$8)*EXP(-Summary!$B$7*Summary!$B$3)+Summary!$B$9*SQRT((1-EXP(-2*Summary!$B$7*Summary!$B$3))/(2*Summary!$B$7))*Shocks!E2 -> 0.043579647 | F3: =Summary!$B$8+(F2-Summary!$B$8)*EXP(-Summary!$B$7*Summary!$B$3)+Summary!$B$9*SQRT((1-EXP(-2*Summary!$B$7*Summary!$B$3))/(2*Summary!$B$7))*Shocks!F2 -> 0.043579654 | G3: =Summary!$B$8+(G2-Summary!$B$8)*EXP(-Summary!$B$7*Summary!$B$3)+Summary!$B$9*SQRT((1-EXP(-2*Summary!$B$7*Summary!$B$3))/(2*Summary!$B$7))*Shocks!G2 -> 0.044418115 | H3: =Summary!$B$8+(H2-Summary!$B$8)*EXP(-Summary!$B$7*Summary!$B$3)+Summary!$B$9*SQRT((1-EXP(-2*Summary!$B$7*Summary!$B$3))/(2*Summary!$B$7))*Shocks!H2 -> 0.044042763 | I3: =Summary!$B$8+(I2-Summary!$B$8)*EXP(-Summary!$B$7*Summary!$B$3)+Summary!$B$9*SQRT((1-EXP(-2*Summary!$B$7*Summary!$B$3))/(2*Summary!$B$7))*Shocks!I2 -> 0.043470839 | ... U3: =Summary!$B$8+(U2-Summary!$B$8)*EXP(-Summary!$B$7*Summary!$B$3)+Summary!$B$9*SQRT((1-EXP(-2*Summary!$B$7*Summary!$B$3))/(2*Summary!$B$7))*Shocks!U2 -> 0.043687915
A4: 2 | B4: =Summary!$B$8+(B3-Summary!$B$8)*EXP(-Summary!$B$7*Summary!$B$3)+Summary!$B$9*SQRT((1-EXP(-2*Summary!$B$7*Summary!$B$3))/(2*Summary!$B$7))*Shocks!B3 -> 0.043507536 | C4: =Summary!$B$8+(C3-Summary!$B$8)*EXP(-Summary!$B$7*Summary!$B$3)+Summary!$B$9*SQRT((1-EXP(-2*Summary!$B$7*Summary!$B$3))/(2*Summary!$B$7))*Shocks!C3 -> 0.044006416 | D4: =Summary!$B$8+(D3-Summary!$B$8)*EXP(-Summary!$B$7*Summary!$B$3)+Summary!$B$9*SQRT((1-EXP(-2*Summary!$B$7*Summary!$B$3))/(2*Summary!$B$7))*Shocks!D3 -> 0.04372099 | E4: =Summary!$B$8+(E3-Summary!$B$8)*EXP(-Summary!$B$7*Summary!$B$3)+Summary!$B$9*SQRT((1-EXP(-2*Summary!$B$7*Summary!$B$3))/(2*Summary!$B$7))*Shocks!E3 -> 0.043315899 | F4: =Summary!$B$8+(F3-Summary!$B$8)*EXP(-Summary!$B$7*Summary!$B$3)+Summary!$B$9*SQRT((1-EXP(-2*Summary!$B$7*Summary!$B$3))/(2*Summary!$B$7))*Shocks!F3 -> 0.043618908 | G4: =Summary!$B$8+(G3-Summary!$B$8)*EXP(-Summary!$B$7*Summary!$B$3)+Summary!$B$9*SQRT((1-EXP(-2*Summary!$B$7*Summary!$B$3))/(2*Summary!$B$7))*Shocks!G3 -> 0.043873537 | H4: =Summary!$B$8+(H3-Summary!$B$8)*EXP(-Summary!$B$7*Summary!$B$3)+Summary!$B$9*SQRT((1-EXP(-2*Summary!$B$7*Summary!$B$3))/(2*Summary!$B$7))*Shocks!H3 -> 0.044204254 | I4: =Summary!$B$8+(I3-Summary!$B$8)*EXP(-Summary!$B$7*Summary!$B$3)+Summary!$B$9*SQRT((1-EXP(-2*Summary!$B$7*Summary!$B$3))/(2*Summary!$B$7))*Shocks!I3 -> 0.043181123 | ... U4: =Summary!$B$8+(U3-Summary!$B$8)*EXP(-Summary!$B$7*Summary!$B$3)+Summary!$B$9*SQRT((1-EXP(-2*Summary!$B$7*Summary!$B$3))/(2*Summary!$B$7))*Shocks!U3 -> 0.043675835
A5: 3 | B5: =Summary!$B$8+(B4-Summary!$B$8)*EXP(-Summary!$B$7*Summary!$B$3)+Summary!$B$9*SQRT((1-EXP(-2*Summary!$B$7*Summary!$B$3))/(2*Summary!$B$7))*Shocks!B4 -> 0.043574767 | C5: =Summary!$B$8+(C4-Summary!$B$8)*EXP(-Summary!$B$7*Summary!$B$3)+Summary!$B$9*SQRT((1-EXP(-2*Summary!$B$7*Summary!$B$3))/(2*Summary!$B$7))*Shocks!C4 -> 0.043940732 | D5: =Summary!$B$8+(D4-Summary!$B$8)*EXP(-Summary!$B$7*Summary!$B$3)+Summary!$B$9*SQRT((1-EXP(-2*Summary!$B$7*Summary!$B$3))/(2*Summary!$B$7))*Shocks!D4 -> 0.043569672 | E5: =Summary!$B$8+(E4-Summary!$B$8)*EXP(-Summary!$B$7*Summary!$B$3)+Summary!$B$9*SQRT((1-EXP(-2*Summary!$B$7*Summary!$B$3))/(2*Summary!$B$7))*Shocks!E4 -> 0.042620329 | F5: =Summary!$B$8+(F4-Summary!$B$8)*EXP(-Summary!$B$7*Summary!$B$3)+Summary!$B$9*SQRT((1-EXP(-2*Summary!$B$7*Summary!$B$3))/(2*Summary!$B$7))*Shocks!F4 -> 0.043274013 | G5: =Summary!$B$8+(G4-Summary!$B$8)*EXP(-Summary!$B$7*Summary!$B$3)+Summary!$B$9*SQRT((1-EXP(-2*Summary!$B$7*Summary!$B$3))/(2*Summary!$B$7))*Shocks!G4 -> 0.04364839 | H5: =Summary!$B$8+(H4-Summary!$B$8)*EXP(-Summary!$B$7*Summary!$B$3)+Summary!$B$9*SQRT((1-EXP(-2*Summary!$B$7*Summary!$B$3))/(2*Summary!$B$7))*Shocks!H4 -> 0.044680757 | I5: =Summary!$B$8+(I4-Summary!$B$8)*EXP(-Summary!$B$7*Summary!$B$3)+Summary!$B$9*SQRT((1-EXP(-2*Summary!$B$7*Summary!$B$3))/(2*Summary!$B$7))*Shocks!I4 -> 0.043328134 | ... U5: =Summary!$B$8+(U4-Summary!$B$8)*EXP(-Summary!$B$7*Summary!$B$3)+Summary!$B$9*SQRT((1-EXP(-2*Summary!$B$7*Summary!$B$3))/(2*Summary!$B$7))*Shocks!U4 -> 0.04366376
A6: 4 | B6: =Summary!$B$8+(B5-Summary!$B$8)*EXP(-Summary!$B$7*Summary!$B$3)+Summary!$B$9*SQRT((1-EXP(-2*Summary!$B$7*Summary!$B$3))/(2*Summary!$B$7))*Shocks!B5 -> 0.043476888 | C6: =Summary!$B$8+(C5-Summary!$B$8)*EXP(-Summary!$B$7*Summary!$B$3)+Summary!$B$9*SQRT((1-EXP(-2*Summary!$B$7*Summary!$B$3))/(2*Summary!$B$7))*Shocks!C5 -> 0.043416999 | D6: =Summary!$B$8+(D5-Summary!$B$8)*EXP(-Summary!$B$7*Summary!$B$3)+Summary!$B$9*SQRT((1-EXP(-2*Summary!$B$7*Summary!$B$3))/(2*Summary!$B$7))*Shocks!D5 -> 0.043004536 | E6: =Summary!$B$8+(E5-Summary!$B$8)*EXP(-Summary!$B$7*Summary!$B$3)+Summary!$B$9*SQRT((1-EXP(-2*Summary!$B$7*Summary!$B$3))/(2*Summary!$B$7))*Shocks!E5 -> 0.042984384 | F6: =Summary!$B$8+(F5-Summary!$B$8)*EXP(-Summary!$B$7*Summary!$B$3)+Summary!$B$9*SQRT((1-EXP(-2*Summary!$B$7*Summary!$B$3))/(2*Summary!$B$7))*Shocks!F5 -> 0.043889204 | G6: =Summary!$B$8+(G5-Summary!$B$8)*EXP(-Summary!$B$7*Summary!$B$3)+Summary!$B$9*SQRT((1-EXP(-2*Summary!$B$7*Summary!$B$3))/(2*Summary!$B$7))*Shocks!G5 -> 0.04360303 | H6: =Summary!$B$8+(H5-Summary!$B$8)*EXP(-Summary!$B$7*Summary!$B$3)+Summary!$B$9*SQRT((1-EXP(-2*Summary!$B$7*Summary!$B$3))/(2*Summary!$B$7))*Shocks!H5 -> 0.045132285 | I6: =Summary!$B$8+(I5-Summary!$B$8)*EXP(-Summary!$B$7*Summary!$B$3)+Summary!$B$9*SQRT((1-EXP(-2*Summary!$B$7*Summary!$B$3))/(2*Summary!$B$7))*Shocks!I5 -> 0.043483415 | ... U6: =Summary!$B$8+(U5-Summary!$B$8)*EXP(-Summary!$B$7*Summary!$B$3)+Summary!$B$9*SQRT((1-EXP(-2*Summary!$B$7*Summary!$B$3))/(2*Summary!$B$7))*Shocks!U5 -> 0.04365169
A7: 5 | B7: =Summary!$B$8+(B6-Summary!$B$8)*EXP(-Summary!$B$7*Summary!$B$3)+Summary!$B$9*SQRT((1-EXP(-2*Summary!$B$7*Summary!$B$3))/(2*Summary!$B$7))*Shocks!B6 -> 0.043630017 | C7: =Summary!$B$8+(C6-Summary!$B$8)*EXP(-Summary!$B$7*Summary!$B$3)+Summary!$B$9*SQRT((1-EXP(-2*Summary!$B$7*Summary!$B$3))/(2*Summary!$B$7))*Shocks!C6 -> 0.044088382 | D7: =Summary!$B$8+(D6-Summary!$B$8)*EXP(-Summary!$B$7*Summary!$B$3)+Summary!$B$9*SQRT((1-EXP(-2*Summary!$B$7*Summary!$B$3))/(2*Summary!$B$7))*Shocks!D6 -> 0.042753098 | E7: =Summary!$B$8+(E6-Summary!$B$8)*EXP(-Summary!$B$7*Summary!$B$3)+Summary!$B$9*SQRT((1-EXP(-2*Summary!$B$7*Summary!$B$3))/(2*Summary!$B$7))*Shocks!E6 -> 0.04259876 | F7: =Summary!$B$8+(F6-Summary!$B$8)*EXP(-Summary!$B$7*Summary!$B$3)+Summary!$B$9*SQRT((1-EXP(-2*Summary!$B$7*Summary!$B$3))/(2*Summary!$B$7))*Shocks!F6 -> 0.043645038 | G7: =Summary!$B$8+(G6-Summary!$B$8)*EXP(-Summary!$B$7*Summary!$B$3)+Summary!$B$9*SQRT((1-EXP(-2*Summary!$B$7*Summary!$B$3))/(2*Summary!$B$7))*Shocks!G6 -> 0.04401425 | H7: =Summary!$B$8+(H6-Summary!$B$8)*EXP(-Summary!$B$7*Summary!$B$3)+Summary!$B$9*SQRT((1-EXP(-2*Summary!$B$7*Summary!$B$3))/(2*Summary!$B$7))*Shocks!H6 -> 0.045271622 | I7: =Summary!$B$8+(I6-Summary!$B$8)*EXP(-Summary!$B$7*Summary!$B$3)+Summary!$B$9*SQRT((1-EXP(-2*Summary!$B$7*Summary!$B$3))/(2*Summary!$B$7))*Shocks!I6 -> 0.043226468 | ... U7: =Summary!$B$8+(U6-Summary!$B$8)*EXP(-Summary!$B$7*Summary!$B$3)+Summary!$B$9*SQRT((1-EXP(-2*Summary!$B$7*Summary!$B$3))/(2*Summary!$B$7))*Shocks!U6 -> 0.043639625
A8: 6 | B8: =Summary!$B$8+(B7-Summary!$B$8)*EXP(-Summary!$B$7*Summary!$B$3)+Summary!$B$9*SQRT((1-EXP(-2*Summary!$B$7*Summary!$B$3))/(2*Summary!$B$7))*Shocks!B7 -> 0.043423463 | C8: =Summary!$B$8+(C7-Summary!$B$8)*EXP(-Summary!$B$7*Summary!$B$3)+Summary!$B$9*SQRT((1-EXP(-2*Summary!$B$7*Summary!$B$3))/(2*Summary!$B$7))*Shocks!C7 -> 0.043917673 | D8: =Summary!$B$8+(D7-Summary!$B$8)*EXP(-Summary!$B$7*Summary!$B$3)+Summary!$B$9*SQRT((1-EXP(-2*Summary!$B$7*Summary!$B$3))/(2*Summary!$B$7))*Shocks!D7 -> 0.042370442 | E8: =Summary!$B$8+(E7-Summary!$B$8)*EXP(-Summary!$B$7*Summary!$B$3)+Summary!$B$9*SQRT((1-EXP(-2*Summary!$B$7*Summary!$B$3))/(2*Summary!$B$7))*Shocks!E7 -> 0.04251255 | F8: =Summary!$B$8+(F7-Summary!$B$8)*EXP(-Summary!$B$7*Summary!$B$3)+Summary!$B$9*SQRT((1-EXP(-2*Summary!$B$7*Summary!$B$3))/(2*Summary!$B$7))*Shocks!F7 -> 0.043819801 | G8: =Summary!$B$8+(G7-Summary!$B$8)*EXP(-Summary!$B$7*Summary!$B$3)+Summary!$B$9*SQRT((1-EXP(-2*Summary!$B$7*Summary!$B$3))/(2*Summary!$B$7))*Shocks!G7 -> 0.044874175 | H8: =Summary!$B$8+(H7-Summary!$B$8)*EXP(-Summary!$B$7*Summary!$B$3)+Summary!$B$9*SQRT((1-EXP(-2*Summary!$B$7*Summary!$B$3))/(2*Summary!$B$7))*Shocks!H7 -> 0.045339615 | I8: =Summary!$B$8+(I7-Summary!$B$8)*EXP(-Summary!$B$7*Summary!$B$3)+Summary!$B$9*SQRT((1-EXP(-2*Summary!$B$7*Summary!$B$3))/(2*Summary!$B$7))*Shocks!I7 -> 0.043333664 | ... U8: =Summary!$B$8+(U7-Summary!$B$8)*EXP(-Summary!$B$7*Summary!$B$3)+Summary!$B$9*SQRT((1-EXP(-2*Summary!$B$7*Summary!$B$3))/(2*Summary!$B$7))*Shocks!U7 -> 0.043627565
A9: 7 | B9: =Summary!$B$8+(B8-Summary!$B$8)*EXP(-Summary!$B$7*Summary!$B$3)+Summary!$B$9*SQRT((1-EXP(-2*Summary!$B$7*Summary!$B$3))/(2*Summary!$B$7))*Shocks!B8 -> 0.042991007 | C9: =Summary!$B$8+(C8-Summary!$B$8)*EXP(-Summary!$B$7*Summary!$B$3)+Summary!$B$9*SQRT((1-EXP(-2*Summary!$B$7*Summary!$B$3))/(2*Summary!$B$7))*Shocks!C8 -> 0.044554125 | D9: =Summary!$B$8+(D8-Summary!$B$8)*EXP(-Summary!$B$7*Summary!$B$3)+Summary!$B$9*SQRT((1-EXP(-2*Summary!$B$7*Summary!$B$3))/(2*Summary!$B$7))*Shocks!D8 -> 0.041710712 | E9: =Summary!$B$8+(E8-Summary!$B$8)*EXP(-Summary!$B$7*Summary!$B$3)+Summary!$B$9*SQRT((1-EXP(-2*Summary!$B$7*Summary!$B$3))/(2*Summary!$B$7))*Shocks!E8 -> 0.042772304 | F9: =Summary!$B$8+(F8-Summary!$B$8)*EXP(-Summary!$B$7*Summary!$B$3)+Summary!$B$9*SQRT((1-EXP(-2*Summary!$B$7*Summary!$B$3))/(2*Summary!$B$7))*Shocks!F8 -> 0.044820494 | G9: =Summary!$B$8+(G8-Summary!$B$8)*EXP(-Summary!$B$7*Summary!$B$3)+Summary!$B$9*SQRT((1-EXP(-2*Summary!$B$7*Summary!$B$3))/(2*Summary!$B$7))*Shocks!G8 -> 0.044403603 | H9: =Summary!$B$8+(H8-Summary!$B$8)*EXP(-Summary!$B$7*Summary!$B$3)+Summary!$B$9*SQRT((1-EXP(-2*Summary!$B$7*Summary!$B$3))/(2*Summary!$B$7))*Shocks!H8 -> 0.045065013 | I9: =Summary!$B$8+(I8-Summary!$B$8)*EXP(-Summary!$B$7*Summary!$B$3)+Summary!$B$9*SQRT((1-EXP(-2*Summary!$B$7*Summary!$B$3))/(2*Summary!$B$7))*Shocks!I8 -> 0.043367806 | ... U9: =Summary!$B$8+(U8-Summary!$B$8)*EXP(-Summary!$B$7*Summary!$B$3)+Summary!$B$9*SQRT((1-EXP(-2*Summary!$B$7*Summary!$B$3))/(2*Summary!$B$7))*Shocks!U8 -> 0.04361551
A10: 8 | B10: =Summary!$B$8+(B9-Summary!$B$8)*EXP(-Summary!$B$7*Summary!$B$3)+Summary!$B$9*SQRT((1-EXP(-2*Summary!$B$7*Summary!$B$3))/(2*Summary!$B$7))*Shocks!B9 -> 0.043583611 | C10: =Summary!$B$8+(C9-Summary!$B$8)*EXP(-Summary!$B$7*Summary!$B$3)+Summary!$B$9*SQRT((1-EXP(-2*Summary!$B$7*Summary!$B$3))/(2*Summary!$B$7))*Shocks!C9 -> 0.04379842 | D10: =Summary!$B$8+(D9-Summary!$B$8)*EXP(-Summary!$B$7*Summary!$B$3)+Summary!$B$9*SQRT((1-EXP(-2*Summary!$B$7*Summary!$B$3))/(2*Summary!$B$7))*Shocks!D9 -> 0.041784813 | E10: =Summary!$B$8+(E9-Summary!$B$8)*EXP(-Summary!$B$7*Summary!$B$3)+Summary!$B$9*SQRT((1-EXP(-2*Summary!$B$7*Summary!$B$3))/(2*Summary!$B$7))*Shocks!E9 -> 0.042880764 | F10: =Summary!$B$8+(F9-Summary!$B$8)*EXP(-Summary!$B$7*Summary!$B$3)+Summary!$B$9*SQRT((1-EXP(-2*Summary!$B$7*Summary!$B$3))/(2*Summary!$B$7))*Shocks!F9 -> 0.045169451 | G10: =Summary!$B$8+(G9-Summary!$B$8)*EXP(-Summary!$B$7*Summary!$B$3)+Summary!$B$9*SQRT((1-EXP(-2*Summary!$B$7*Summary!$B$3))/(2*Summary!$B$7))*Shocks!G9 -> 0.043819287 | H10: =Summary!$B$8+(H9-Summary!$B$8)*EXP(-Summary!$B$7*Summary!$B$3)+Summary!$B$9*SQRT((1-EXP(-2*Summary!$B$7*Summary!$B$3))/(2*Summary!$B$7))*Shocks!H9 -> 0.044441814 | I10: =Summary!$B$8+(I9-Summary!$B$8)*EXP(-Summary!$B$7*Summary!$B$3)+Summary!$B$9*SQRT((1-EXP(-2*Summary!$B$7*Summary!$B$3))/(2*Summary!$B$7))*Shocks!I9 -> 0.043597193 | ... U10: =Summary!$B$8+(U9-Summary!$B$8)*EXP(-Summary!$B$7*Summary!$B$3)+Summary!$B$9*SQRT((1-EXP(-2*Summary!$B$7*Summary!$B$3))/(2*Summary!$B$7))*Shocks!U9 -> 0.04360346
A11: 9 | B11: =Summary!$B$8+(B10-Summary!$B$8)*EXP(-Summary!$B$7*Summary!$B$3)+Summary!$B$9*SQRT((1-EXP(-2*Summary!$B$7*Summary!$B$3))/(2*Summary!$B$7))*Shocks!B10 -> 0.043935508 | C11: =Summary!$B$8+(C10-Summary!$B$8)*EXP(-Summary!$B$7*Summary!$B$3)+Summary!$B$9*SQRT((1-EXP(-2*Summary!$B$7*Summary!$B$3))/(2*Summary!$B$7))*Shocks!C10 -> 0.044322008 | D11: =Summary!$B$8+(D10-Summary!$B$8)*EXP(-Summary!$B$7*Summary!$B$3)+Summary!$B$9*SQRT((1-EXP(-2*Summary!$B$7*Summary!$B$3))/(2*Summary!$B$7))*Shocks!D10 -> 0.041394044 | E11: =Summary!$B$8+(E10-Summary!$B$8)*EXP(-Summary!$B$7*Summary!$B$3)+Summary!$B$9*SQRT((1-EXP(-2*Summary!$B$7*Summary!$B$3))/(2*Summary!$B$7))*Shocks!E10 -> 0.043314463 | F11: =Summary!$B$8+(F10-Summary!$B$8)*EXP(-Summary!$B$7*Summary!$B$3)+Summary!$B$9*SQRT((1-EXP(-2*Summary!$B$7*Summary!$B$3))/(2*Summary!$B$7))*Shocks!F10 -> 0.045347627 | G11: =Summary!$B$8+(G10-Summary!$B$8)*EXP(-Summary!$B$7*Summary!$B$3)+Summary!$B$9*SQRT((1-EXP(-2*Summary!$B$7*Summary!$B$3))/(2*Summary!$B$7))*Shocks!G10 -> 0.044187259 | H11: =Summary!$B$8+(H10-Summary!$B$8)*EXP(-Summary!$B$7*Summary!$B$3)+Summary!$B$9*SQRT((1-EXP(-2*Summary!$B$7*Summary!$B$3))/(2*Summary!$B$7))*Shocks!H10 -> 0.045306468 | I11: =Summary!$B$8+(I10-Summary!$B$8)*EXP(-Summary!$B$7*Summary!$B$3)+Summary!$B$9*SQRT((1-EXP(-2*Summary!$B$7*Summary!$B$3))/(2*Summary!$B$7))*Shocks!I10 -> 0.043471688 | ... U11: =Summary!$B$8+(U10-Summary!$B$8)*EXP(-Summary!$B$7*Summary!$B$3)+Summary!$B$9*SQRT((1-EXP(-2*Summary!$B$7*Summary!$B$3))/(2*Summary!$B$7))*Shocks!U10 -> 0.043591415
A12: 10 | B12: =Summary!$B$8+(B11-Summary!$B$8)*EXP(-Summary!$B$7*Summary!$B$3)+Summary!$B$9*SQRT((1-EXP(-2*Summary!$B$7*Summary!$B$3))/(2*Summary!$B$7))*Shocks!B11 -> 0.043526993 | C12: =Summary!$B$8+(C11-Summary!$B$8)*EXP(-Summary!$B$7*Summary!$B$3)+Summary!$B$9*SQRT((1-EXP(-2*Summary!$B$7*Summary!$B$3))/(2*Summary!$B$7))*Shocks!C11 -> 0.043814507 | D12: =Summary!$B$8+(D11-Summary!$B$8)*EXP(-Summary!$B$7*Summary!$B$3)+Summary!$B$9*SQRT((1-EXP(-2*Summary!$B$7*Summary!$B$3))/(2*Summary!$B$7))*Shocks!D11 -> 0.041605991 | E12: =Summary!$B$8+(E11-Summary!$B$8)*EXP(-Summary!$B$7*Summary!$B$3)+Summary!$B$9*SQRT((1-EXP(-2*Summary!$B$7*Summary!$B$3))/(2*Summary!$B$7))*Shocks!E11 -> 0.043199211 | F12: =Summary!$B$8+(F11-Summary!$B$8)*EXP(-Summary!$B$7*Summary!$B$3)+Summary!$B$9*SQRT((1-EXP(-2*Summary!$B$7*Summary!$B$3))/(2*Summary!$B$7))*Shocks!F11 -> 0.045665008 | G12: =Summary!$B$8+(G11-Summary!$B$8)*EXP(-Summary!$B$7*Summary!$B$3)+Summary!$B$9*SQRT((1-EXP(-2*Summary!$B$7*Summary!$B$3))/(2*Summary!$B$7))*Shocks!G11 -> 0.044393791 | H12: =Summary!$B$8+(H11-Summary!$B$8)*EXP(-Summary!$B$7*Summary!$B$3)+Summary!$B$9*SQRT((1-EXP(-2*Summary!$B$7*Summary!$B$3))/(2*Summary!$B$7))*Shocks!H11 -> 0.04526005 | I12: =Summary!$B$8+(I11-Summary!$B$8)*EXP(-Summary!$B$7*Summary!$B$3)+Summary!$B$9*SQRT((1-EXP(-2*Summary!$B$7*Summary!$B$3))/(2*Summary!$B$7))*Shocks!I11 -> 0.043068154 | ... U12: =Summary!$B$8+(U11-Summary!$B$8)*EXP(-Summary!$B$7*Summary!$B$3)+Summary!$B$9*SQRT((1-EXP(-2*Summary!$B$7*Summary!$B$3))/(2*Summary!$B$7))*Shocks!U11 -> 0.043579374
A13: 11 | B13: =Summary!$B$8+(B12-Summary!$B$8)*EXP(-Summary!$B$7*Summary!$B$3)+Summary!$B$9*SQRT((1-EXP(-2*Summary!$B$7*Summary!$B$3))/(2*Summary!$B$7))*Shocks!B12 -> 0.043774275 | C13: =Summary!$B$8+(C12-Summary!$B$8)*EXP(-Summary!$B$7*Summary!$B$3)+Summary!$B$9*SQRT((1-EXP(-2*Summary!$B$7*Summary!$B$3))/(2*Summary!$B$7))*Shocks!C12 -> 0.044303159 | D13: =Summary!$B$8+(D12-Summary!$B$8)*EXP(-Summary!$B$7*Summary!$B$3)+Summary!$B$9*SQRT((1-EXP(-2*Summary!$B$7*Summary!$B$3))/(2*Summary!$B$7))*Shocks!D12 -> 0.042082023 | E13: =Summary!$B$8+(E12-Summary!$B$8)*EXP(-Summary!$B$7*Summary!$B$3)+Summary!$B$9*SQRT((1-EXP(-2*Summary!$B$7*Summary!$B$3))/(2*Summary!$B$7))*Shocks!E12 -> 0.042550322 | F13: =Summary!$B$8+(F12-Summary!$B$8)*EXP(-Summary!$B$7*Summary!$B$3)+Summary!$B$9*SQRT((1-EXP(-2*Summary!$B$7*Summary!$B$3))/(2*Summary!$B$7))*Shocks!F12 -> 0.045218485 | G13: =Summary!$B$8+(G12-Summary!$B$8)*EXP(-Summary!$B$7*Summary!$B$3)+Summary!$B$9*SQRT((1-EXP(-2*Summary!$B$7*Summary!$B$3))/(2*Summary!$B$7))*Shocks!G12 -> 0.044619565 | H13: =Summary!$B$8+(H12-Summary!$B$8)*EXP(-Summary!$B$7*Summary!$B$3)+Summary!$B$9*SQRT((1-EXP(-2*Summary!$B$7*Summary!$B$3))/(2*Summary!$B$7))*Shocks!H12 -> 0.045484892 | I13: =Summary!$B$8+(I12-Summary!$B$8)*EXP(-Summary!$B$7*Summary!$B$3)+Summary!$B$9*SQRT((1-EXP(-2*Summary!$B$7*Summary!$B$3))/(2*Summary!$B$7))*Shocks!I12 -> 0.043294477 | ... U13: =Summary!$B$8+(U12-Summary!$B$8)*EXP(-Summary!$B$7*Summary!$B$3)+Summary!$B$9*SQRT((1-EXP(-2*Summary!$B$7*Summary!$B$3))/(2*Summary!$B$7))*Shocks!U12 -> 0.043567339
A14: 12 | B14: =Summary!$B$8+(B13-Summary!$B$8)*EXP(-Summary!$B$7*Summary!$B$3)+Summary!$B$9*SQRT((1-EXP(-2*Summary!$B$7*Summary!$B$3))/(2*Summary!$B$7))*Shocks!B13 -> 0.04289877 | C14: =Summary!$B$8+(C13-Summary!$B$8)*EXP(-Summary!$B$7*Summary!$B$3)+Summary!$B$9*SQRT((1-EXP(-2*Summary!$B$7*Summary!$B$3))/(2*Summary!$B$7))*Shocks!C13 -> 0.044608141 | D14: =Summary!$B$8+(D13-Summary!$B$8)*EXP(-Summary!$B$7*Summary!$B$3)+Summary!$B$9*SQRT((1-EXP(-2*Summary!$B$7*Summary!$B$3))/(2*Summary!$B$7))*Shocks!D13 -> 0.04132491 | E14: =Summary!$B$8+(E13-Summary!$B$8)*EXP(-Summary!$B$7*Summary!$B$3)+Summary!$B$9*SQRT((1-EXP(-2*Summary!$B$7*Summary!$B$3))/(2*Summary!$B$7))*Shocks!E13 -> 0.042320495 | F14: =Summary!$B$8+(F13-Summary!$B$8)*EXP(-Summary!$B$7*Summary!$B$3)+Summary!$B$9*SQRT((1-EXP(-2*Summary!$B$7*Summary!$B$3))/(2*Summary!$B$7))*Shocks!F13 -> 0.045709289 | G14: =Summary!$B$8+(G13-Summary!$B$8)*EXP(-Summary!$B$7*Summary!$B$3)+Summary!$B$9*SQRT((1-EXP(-2*Summary!$B$7*Summary!$B$3))/(2*Summary!$B$7))*Shocks!G13 -> 0.044636825 | H14: =Summary!$B$8+(H13-Summary!$B$8)*EXP(-Summary!$B$7*Summary!$B$3)+Summary!$B$9*SQRT((1-EXP(-2*Summary!$B$7*Summary!$B$3))/(2*Summary!$B$7))*Shocks!H13 -> 0.044973746 | I14: =Summary!$B$8+(I13-Summary!$B$8)*EXP(-Summary!$B$7*Summary!$B$3)+Summary!$B$9*SQRT((1-EXP(-2*Summary!$B$7*Summary!$B$3))/(2*Summary!$B$7))*Shocks!I13 -> 0.042951815 | ... U14: =Summary!$B$8+(U13-Summary!$B$8)*EXP(-Summary!$B$7*Summary!$B$3)+Summary!$B$9*SQRT((1-EXP(-2*Summary!$B$7*Summary!$B$3))/(2*Summary!$B$7))*Shocks!U13 -> 0.043555308
... A254: 252 | B254: =Summary!$B$8+(B253-Summary!$B$8)*EXP(-Summary!$B$7*Summary!$B$3)+Summary!$B$9*SQRT((1-EXP(-2*Summary!$B$7*Summary!$B$3))/(2*Summary!$B$7))*Shocks!B253 -> 0.047813377 | C254: =Summary!$B$8+(C253-Summary!$B$8)*EXP(-Summary!$B$7*Summary!$B$3)+Summary!$B$9*SQRT((1-EXP(-2*Summary!$B$7*Summary!$B$3))/(2*Summary!$B$7))*Shocks!C253 -> 0.034581974 | D254: =Summary!$B$8+(D253-Summary!$B$8)*EXP(-Summary!$B$7*Summary!$B$3)+Summary!$B$9*SQRT((1-EXP(-2*Summary!$B$7*Summary!$B$3))/(2*Summary!$B$7))*Shocks!D253 -> 0.04106424 | E254: =Summary!$B$8+(E253-Summary!$B$8)*EXP(-Summary!$B$7*Summary!$B$3)+Summary!$B$9*SQRT((1-EXP(-2*Summary!$B$7*Summary!$B$3))/(2*Summary!$B$7))*Shocks!E253 -> 0.037239383 | F254: =Summary!$B$8+(F253-Summary!$B$8)*EXP(-Summary!$B$7*Summary!$B$3)+Summary!$B$9*SQRT((1-EXP(-2*Summary!$B$7*Summary!$B$3))/(2*Summary!$B$7))*Shocks!F253 -> 0.035316066 | G254: =Summary!$B$8+(G253-Summary!$B$8)*EXP(-Summary!$B$7*Summary!$B$3)+Summary!$B$9*SQRT((1-EXP(-2*Summary!$B$7*Summary!$B$3))/(2*Summary!$B$7))*Shocks!G253 -> 0.028982649 | H254: =Summary!$B$8+(H253-Summary!$B$8)*EXP(-Summary!$B$7*Summary!$B$3)+Summary!$B$9*SQRT((1-EXP(-2*Summary!$B$7*Summary!$B$3))/(2*Summary!$B$7))*Shocks!H253 -> 0.044777104 | I254: =Summary!$B$8+(I253-Summary!$B$8)*EXP(-Summary!$B$7*Summary!$B$3)+Summary!$B$9*SQRT((1-EXP(-2*Summary!$B$7*Summary!$B$3))/(2*Summary!$B$7))*Shocks!I253 -> 0.045860314 | ... U254: =Summary!$B$8+(U253-Summary!$B$8)*EXP(-Summary!$B$7*Summary!$B$3)+Summary!$B$9*SQRT((1-EXP(-2*Summary!$B$7*Summary!$B$3))/(2*Summary!$B$7))*Shocks!U253 -> 0.040805979
A256: Final rate: mean | B256: =AVERAGE(B254:U254) -> 0.040950093
A257: Final rate: min | B257: =MIN(B254:U254) -> 0.028982649
A258: Final rate: max | B258: =MAX(B254:U254) -> 0.054278007

Sheet CIR_Sim
A1: step | B1: path 1 | C1: path 2 | D1: path 3 | E1: path 4 | F1: path 5 | G1: path 6 | H1: path 7 | I1: path 8 | J1: path 9 | K1: path 10 | L1: path 11 | M1: path 12 | N1: path 13 | O1: path 14 | P1: path 15 | Q1: path 16 | R1: path 17 | S1: path 18 | T1: path 19 | U1: path 20
A2: 0 | B2: =Summary!$B$12 -> 0.0437 | C2: =Summary!$B$12 -> 0.0437 | D2: =Summary!$B$12 -> 0.0437 | E2: =Summary!$B$12 -> 0.0437 | F2: =Summary!$B$12 -> 0.0437 | G2: =Summary!$B$12 -> 0.0437 | H2: =Summary!$B$12 -> 0.0437 | I2: =Summary!$B$12 -> 0.0437 | ... U2: =Summary!$B$12 -> 0.0437
A3: 1 | B3: =MAX(B2+Summary!$C$7*(Summary!$C$8-B2)*Summary!$B$3+Summary!$C$9*SQRT(MAX(B2,0)*Summary!$B$3)*Shocks!B2,0) -> 0.043357614 | C3: =MAX(C2+Summary!$C$7*(Summary!$C$8-C2)*Summary!$B$3+Summary!$C$9*SQRT(MAX(C2,0)*Summary!$B$3)*Shocks!C2,0) -> 0.044637189 | D3: =MAX(D2+Summary!$C$7*(Summary!$C$8-D2)*Summary!$B$3+Summary!$C$9*SQRT(MAX(D2,0)*Summary!$B$3)*Shocks!D2,0) -> 0.046062293 | E3: =MAX(E2+Summary!$C$7*(Summary!$C$8-E2)*Summary!$B$3+Summary!$C$9*SQRT(MAX(E2,0)*Summary!$B$3)*Shocks!E2,0) -> 0.043201501 | F3: =MAX(F2+Summary!$C$7*(Summary!$C$8-F2)*Summary!$B$3+Summary!$C$9*SQRT(MAX(F2,0)*Summary!$B$3)*Shocks!F2,0) -> 0.043201528 | G3: =MAX(G2+Summary!$C$7*(Summary!$C$8-G2)*Summary!$B$3+Summary!$C$9*SQRT(MAX(G2,0)*Summary!$B$3)*Shocks!G2,0) -> 0.046153762 | H3: =MAX(H2+Summary!$C$7*(Summary!$C$8-H2)*Summary!$B$3+Summary!$C$9*SQRT(MAX(H2,0)*Summary!$B$3)*Shocks!H2,0) -> 0.044832142 | I3: =MAX(I2+Summary!$C$7*(Summary!$C$8-I2)*Summary!$B$3+Summary!$C$9*SQRT(MAX(I2,0)*Summary!$B$3)*Shocks!I2,0) -> 0.042818385 | ... U3: =MAX(U2+Summary!$C$7*(Summary!$C$8-U2)*Summary!$B$3+Summary!$C$9*SQRT(MAX(U2,0)*Summary!$B$3)*Shocks!U2,0) -> 0.043582716
A4: 2 | B4: =MAX(B3+Summary!$C$7*(Summary!$C$8-B3)*Summary!$B$3+Summary!$C$9*SQRT(MAX(B3,0)*Summary!$B$3)*Shocks!B3,0) -> 0.042875766 | C4: =MAX(C3+Summary!$C$7*(Summary!$C$8-C3)*Summary!$B$3+Summary!$C$9*SQRT(MAX(C3,0)*Summary!$B$3)*Shocks!C3,0) -> 0.044626717 | D4: =MAX(D3+Summary!$C$7*(Summary!$C$8-D3)*Summary!$B$3+Summary!$C$9*SQRT(MAX(D3,0)*Summary!$B$3)*Shocks!D3,0) -> 0.043552733 | E4: =MAX(E3+Summary!$C$7*(Summary!$C$8-E3)*Summary!$B$3+Summary!$C$9*SQRT(MAX(E3,0)*Summary!$B$3)*Shocks!E3,0) -> 0.042205287 | F4: =MAX(F3+Summary!$C$7*(Summary!$C$8-F3)*Summary!$B$3+Summary!$C$9*SQRT(MAX(F3,0)*Summary!$B$3)*Shocks!F3,0) -> 0.043266085 | G4: =MAX(G3+Summary!$C$7*(Summary!$C$8-G3)*Summary!$B$3+Summary!$C$9*SQRT(MAX(G3,0)*Summary!$B$3)*Shocks!G3,0) -> 0.044099448 | H4: =MAX(H3+Summary!$C$7*(Summary!$C$8-H3)*Summary!$B$3+Summary!$C$9*SQRT(MAX(H3,0)*Summary!$B$3)*Shocks!H3,0) -> 0.045329194 | I4: =MAX(I3+Summary!$C$7*(Summary!$C$8-I3)*Summary!$B$3+Summary!$C$9*SQRT(MAX(I3,0)*Summary!$B$3)*Shocks!I3,0) -> 0.041737186 | ... U4: =MAX(U3+Summary!$C$7*(Summary!$C$8-U3)*Summary!$B$3+Summary!$C$9*SQRT(MAX(U3,0)*Summary!$B$3)*Shocks!U3,0) -> 0.043465969
A5: 3 | B5: =MAX(B4+Summary!$C$7*(Summary!$C$8-B4)*Summary!$B$3+Summary!$C$9*SQRT(MAX(B4,0)*Summary!$B$3)*Shocks!B4,0) -> 0.043038616 | C5: =MAX(C4+Summary!$C$7*(Summary!$C$8-C4)*Summary!$B$3+Summary!$C$9*SQRT(MAX(C4,0)*Summary!$B$3)*Shocks!C4,0) -> 0.044314914 | D5: =MAX(D4+Summary!$C$7*(Summary!$C$8-D4)*Summary!$B$3+Summary!$C$9*SQRT(MAX(D4,0)*Summary!$B$3)*Shocks!D4,0) -> 0.042946737 | E5: =MAX(E4+Summary!$C$7*(Summary!$C$8-E4)*Summary!$B$3+Summary!$C$9*SQRT(MAX(E4,0)*Summary!$B$3)*Shocks!E4,0) -> 0.039729268 | F5: =MAX(F4+Summary!$C$7*(Summary!$C$8-F4)*Summary!$B$3+Summary!$C$9*SQRT(MAX(F4,0)*Summary!$B$3)*Shocks!F4,0) -> 0.041984678 | G5: =MAX(G4+Summary!$C$7*(Summary!$C$8-G4)*Summary!$B$3+Summary!$C$9*SQRT(MAX(G4,0)*Summary!$B$3)*Shocks!G4,0) -> 0.043226966 | H5: =MAX(H4+Summary!$C$7*(Summary!$C$8-H4)*Summary!$B$3+Summary!$C$9*SQRT(MAX(H4,0)*Summary!$B$3)*Shocks!H4,0) -> 0.046957277 | I5: =MAX(I4+Summary!$C$7*(Summary!$C$8-I4)*Summary!$B$3+Summary!$C$9*SQRT(MAX(I4,0)*Summary!$B$3)*Shocks!I4,0) -> 0.042175628 | ... U5: =MAX(U4+Summary!$C$7*(Summary!$C$8-U4)*Summary!$B$3+Summary!$C$9*SQRT(MAX(U4,0)*Summary!$B$3)*Shocks!U4,0) -> 0.043349758
A6: 4 | B6: =MAX(B5+Summary!$C$7*(Summary!$C$8-B5)*Summary!$B$3+Summary!$C$9*SQRT(MAX(B5,0)*Summary!$B$3)*Shocks!B5,0) -> 0.042624399 | C6: =MAX(C5+Summary!$C$7*(Summary!$C$8-C5)*Summary!$B$3+Summary!$C$9*SQRT(MAX(C5,0)*Summary!$B$3)*Shocks!C5,0) -> 0.042381005 | D6: =MAX(D5+Summary!$C$7*(Summary!$C$8-D5)*Summary!$B$3+Summary!$C$9*SQRT(MAX(D5,0)*Summary!$B$3)*Shocks!D5,0) -> 0.040902274 | E6: =MAX(E5+Summary!$C$7*(Summary!$C$8-E5)*Summary!$B$3+Summary!$C$9*SQRT(MAX(E5,0)*Summary!$B$3)*Shocks!E5,0) -> 0.040891507 | F6: =MAX(F5+Summary!$C$7*(Summary!$C$8-F5)*Summary!$B$3+Summary!$C$9*SQRT(MAX(F5,0)*Summary!$B$3)*Shocks!F5,0) -> 0.044039528 | G6: =MAX(G5+Summary!$C$7*(Summary!$C$8-G5)*Summary!$B$3+Summary!$C$9*SQRT(MAX(G5,0)*Summary!$B$3)*Shocks!G5,0) -> 0.042995251 | H6: =MAX(H5+Summary!$C$7*(Summary!$C$8-H5)*Summary!$B$3+Summary!$C$9*SQRT(MAX(H5,0)*Summary!$B$3)*Shocks!H5,0) -> 0.048518653 | I6: =MAX(I5+Summary!$C$7*(Summary!$C$8-I5)*Summary!$B$3+Summary!$C$9*SQRT(MAX(I5,0)*Summary!$B$3)*Shocks!I5,0) -> 0.04264374 | ... U6: =MAX(U5+Summary!$C$7*(Summary!$C$8-U5)*Summary!$B$3+Summary!$C$9*SQRT(MAX(U5,0)*Summary!$B$3)*Shocks!U5,0) -> 0.043234081
A7: 5 | B7: =MAX(B6+Summary!$C$7*(Summary!$C$8-B6)*Summary!$B$3+Summary!$C$9*SQRT(MAX(B6,0)*Summary!$B$3)*Shocks!B6,0) -> 0.043086249 | C7: =MAX(C6+Summary!$C$7*(Summary!$C$8-C6)*Summary!$B$3+Summary!$C$9*SQRT(MAX(C6,0)*Summary!$B$3)*Shocks!C6,0) -> 0.044639276 | D7: =MAX(D6+Summary!$C$7*(Summary!$C$8-D6)*Summary!$B$3+Summary!$C$9*SQRT(MAX(D6,0)*Summary!$B$3)*Shocks!D6,0) -> 0.039981508 | E7: =MAX(E6+Summary!$C$7*(Summary!$C$8-E6)*Summary!$B$3+Summary!$C$9*SQRT(MAX(E6,0)*Summary!$B$3)*Shocks!E6,0) -> 0.039513833 | F7: =MAX(F6+Summary!$C$7*(Summary!$C$8-F6)*Summary!$B$3+Summary!$C$9*SQRT(MAX(F6,0)*Summary!$B$3)*Shocks!F6,0) -> 0.04310063 | G7: =MAX(G6+Summary!$C$7*(Summary!$C$8-G6)*Summary!$B$3+Summary!$C$9*SQRT(MAX(G6,0)*Summary!$B$3)*Shocks!G6,0) -> 0.04435946 | H7: =MAX(H6+Summary!$C$7*(Summary!$C$8-H6)*Summary!$B$3+Summary!$C$9*SQRT(MAX(H6,0)*Summary!$B$3)*Shocks!H6,0) -> 0.048943225 | I7: =MAX(I6+Summary!$C$7*(Summary!$C$8-I6)*Summary!$B$3+Summary!$C$9*SQRT(MAX(I6,0)*Summary!$B$3)*Shocks!I6,0) -> 0.041679309 | ... U7: =MAX(U6+Summary!$C$7*(Summary!$C$8-U6)*Summary!$B$3+Summary!$C$9*SQRT(MAX(U6,0)*Summary!$B$3)*Shocks!U6,0) -> 0.043118934
A8: 6 | B8: =MAX(B7+Summary!$C$7*(Summary!$C$8-B7)*Summary!$B$3+Summary!$C$9*SQRT(MAX(B7,0)*Summary!$B$3)*Shocks!B7,0) -> 0.042291772 | C8: =MAX(C7+Summary!$C$7*(Summary!$C$8-C7)*Summary!$B$3+Summary!$C$9*SQRT(MAX(C7,0)*Summary!$B$3)*Shocks!C7,0) -> 0.04395376 | D8: =MAX(D7+Summary!$C$7*(Summary!$C$8-D7)*Summary!$B$3+Summary!$C$9*SQRT(MAX(D7,0)*Summary!$B$3)*Shocks!D7,0) -> 0.038631937 | E8: =MAX(E7+Summary!$C$7*(Summary!$C$8-E7)*Summary!$B$3+Summary!$C$9*SQRT(MAX(E7,0)*Summary!$B$3)*Shocks!E7,0) -> 0.039166064 | F8: =MAX(F7+Summary!$C$7*(Summary!$C$8-F7)*Summary!$B$3+Summary!$C$9*SQRT(MAX(F7,0)*Summary!$B$3)*Shocks!F7,0) -> 0.043639386 | G8: =MAX(G7+Summary!$C$7*(Summary!$C$8-G7)*Summary!$B$3+Summary!$C$9*SQRT(MAX(G7,0)*Summary!$B$3)*Shocks!G7,0) -> 0.04733305 | H8: =MAX(H7+Summary!$C$7*(Summary!$C$8-H7)*Summary!$B$3+Summary!$C$9*SQRT(MAX(H7,0)*Summary!$B$3)*Shocks!H7,0) -> 0.049102678 | I8: =MAX(I7+Summary!$C$7*(Summary!$C$8-I7)*Summary!$B$3+Summary!$C$9*SQRT(MAX(I7,0)*Summary!$B$3)*Shocks!I7,0) -> 0.041980792 | ... U8: =MAX(U7+Summary!$C$7*(Summary!$C$8-U7)*Summary!$B$3+Summary!$C$9*SQRT(MAX(U7,0)*Summary!$B$3)*Shocks!U7,0) -> 0.043004315
A9: 7 | B9: =MAX(B8+Summary!$C$7*(Summary!$C$8-B8)*Summary!$B$3+Summary!$C$9*SQRT(MAX(B8,0)*Summary!$B$3)*Shocks!B8,0) -> 0.040724464 | C9: =MAX(C8+Summary!$C$7*(Summary!$C$8-C8)*Summary!$B$3+Summary!$C$9*SQRT(MAX(C8,0)*Summary!$B$3)*Shocks!C8,0) -> 0.04612576 | D9: =MAX(D8+Summary!$C$7*(Summary!$C$8-D8)*Summary!$B$3+Summary!$C$9*SQRT(MAX(D8,0)*Summary!$B$3)*Shocks!D8,0) -> 0.036392031 | E9: =MAX(E8+Summary!$C$7*(Summary!$C$8-E8)*Summary!$B$3+Summary!$C$9*SQRT(MAX(E8,0)*Summary!$B$3)*Shocks!E8,0) -> 0.039974095 | F9: =MAX(F8+Summary!$C$7*(Summary!$C$8-F8)*Summary!$B$3+Summary!$C$9*SQRT(MAX(F8,0)*Summary!$B$3)*Shocks!F8,0) -> 0.04708609 | G9: =MAX(G8+Summary!$C$7*(Summary!$C$8-G8)*Summary!$B$3+Summary!$C$9*SQRT(MAX(G8,0)*Summary!$B$3)*Shocks!G8,0) -> 0.045520753 | H9: =MAX(H8+Summary!$C$7*(Summary!$C$8-H8)*Summary!$B$3+Summary!$C$9*SQRT(MAX(H8,0)*Summary!$B$3)*Shocks!H8,0) -> 0.047983313 | I9: =MAX(I8+Summary!$C$7*(Summary!$C$8-I8)*Summary!$B$3+Summary!$C$9*SQRT(MAX(I8,0)*Summary!$B$3)*Shocks!I8,0) -> 0.042030409 | ... U9: =MAX(U8+Summary!$C$7*(Summary!$C$8-U8)*Summary!$B$3+Summary!$C$9*SQRT(MAX(U8,0)*Summary!$B$3)*Shocks!U8,0) -> 0.042890222
A10: 8 | B10: =MAX(B9+Summary!$C$7*(Summary!$C$8-B9)*Summary!$B$3+Summary!$C$9*SQRT(MAX(B9,0)*Summary!$B$3)*Shocks!B9,0) -> 0.042675203 | C10: =MAX(C9+Summary!$C$7*(Summary!$C$8-C9)*Summary!$B$3+Summary!$C$9*SQRT(MAX(C9,0)*Summary!$B$3)*Shocks!C9,0) -> 0.04330862 | D10: =MAX(D9+Summary!$C$7*(Summary!$C$8-D9)*Summary!$B$3+Summary!$C$9*SQRT(MAX(D9,0)*Summary!$B$3)*Shocks!D9,0) -> 0.036582583 | E10: =MAX(E9+Summary!$C$7*(Summary!$C$8-E9)*Summary!$B$3+Summary!$C$9*SQRT(MAX(E9,0)*Summary!$B$3)*Shocks!E9,0) -> 0.040278568 | F10: =MAX(F9+Summary!$C$7*(Summary!$C$8-F9)*Summary!$B$3+Summary!$C$9*SQRT(MAX(F9,0)*Summary!$B$3)*Shocks!F9,0) -> 0.048274516 | G10: =MAX(G9+Summary!$C$7*(Summary!$C$8-G9)*Summary!$B$3+Summary!$C$9*SQRT(MAX(G9,0)*Summary!$B$3)*Shocks!G9,0) -> 0.043339766 | H10: =MAX(H9+Summary!$C$7*(Summary!$C$8-H9)*Summary!$B$3+Summary!$C$9*SQRT(MAX(H9,0)*Summary!$B$3)*Shocks!H9,0) -> 0.045593707 | I10: =MAX(I9+Summary!$C$7*(Summary!$C$8-I9)*Summary!$B$3+Summary!$C$9*SQRT(MAX(I9,0)*Summary!$B$3)*Shocks!I9,0) -> 0.042754144 | ... U10: =MAX(U9+Summary!$C$7*(Summary!$C$8-U9)*Summary!$B$3+Summary!$C$9*SQRT(MAX(U9,0)*Summary!$B$3)*Shocks!U9,0) -> 0.042776652
A11: 9 | B11: =MAX(B10+Summary!$C$7*(Summary!$C$8-B10)*Summary!$B$3+Summary!$C$9*SQRT(MAX(B10,0)*Summary!$B$3)*Shocks!B10,0) -> 0.043828924 | C11: =MAX(C10+Summary!$C$7*(Summary!$C$8-C10)*Summary!$B$3+Summary!$C$9*SQRT(MAX(C10,0)*Summary!$B$3)*Shocks!C10,0) -> 0.045070923 | D11: =MAX(D10+Summary!$C$7*(Summary!$C$8-D10)*Summary!$B$3+Summary!$C$9*SQRT(MAX(D10,0)*Summary!$B$3)*Shocks!D10,0) -> 0.035275473 | E11: =MAX(E10+Summary!$C$7*(Summary!$C$8-E10)*Summary!$B$3+Summary!$C$9*SQRT(MAX(E10,0)*Summary!$B$3)*Shocks!E10,0) -> 0.04168276 | F11: =MAX(F10+Summary!$C$7*(Summary!$C$8-F10)*Summary!$B$3+Summary!$C$9*SQRT(MAX(F10,0)*Summary!$B$3)*Shocks!F10,0) -> 0.048842575 | G11: =MAX(G10+Summary!$C$7*(Summary!$C$8-G10)*Summary!$B$3+Summary!$C$9*SQRT(MAX(G10,0)*Summary!$B$3)*Shocks!G10,0) -> 0.044556967 | H11: =MAX(H10+Summary!$C$7*(Summary!$C$8-H10)*Summary!$B$3+Summary!$C$9*SQRT(MAX(H10,0)*Summary!$B$3)*Shocks!H10,0) -> 0.04862202 | I11: =MAX(I10+Summary!$C$7*(Summary!$C$8-I10)*Summary!$B$3+Summary!$C$9*SQRT(MAX(I10,0)*Summary!$B$3)*Shocks!I10,0) -> 0.04224604 | ... U11: =MAX(U10+Summary!$C$7*(Summary!$C$8-U10)*Summary!$B$3+Summary!$C$9*SQRT(MAX(U10,0)*Summary!$B$3)*Shocks!U10,0) -> 0.042663604
A12: 10 | B12: =MAX(B11+Summary!$C$7*(Summary!$C$8-B11)*Summary!$B$3+Summary!$C$9*SQRT(MAX(B11,0)*Summary!$B$3)*Shocks!B11,0) -> 0.042313491 | C12: =MAX(C11+Summary!$C$7*(Summary!$C$8-C11)*Summary!$B$3+Summary!$C$9*SQRT(MAX(C11,0)*Summary!$B$3)*Shocks!C11,0) -> 0.043176741 | D12: =MAX(D11+Summary!$C$7*(Summary!$C$8-D11)*Summary!$B$3+Summary!$C$9*SQRT(MAX(D11,0)*Summary!$B$3)*Shocks!D11,0) -> 0.035902564 | E12: =MAX(E11+Summary!$C$7*(Summary!$C$8-E11)*Summary!$B$3+Summary!$C$9*SQRT(MAX(E11,0)*Summary!$B$3)*Shocks!E11,0) -> 0.041219416 | F12: =MAX(F11+Summary!$C$7*(Summary!$C$8-F11)*Summary!$B$3+Summary!$C$9*SQRT(MAX(F11,0)*Summary!$B$3)*Shocks!F11,0) -> 0.049930627 | G12: =MAX(G11+Summary!$C$7*(Summary!$C$8-G11)*Summary!$B$3+Summary!$C$9*SQRT(MAX(G11,0)*Summary!$B$3)*Shocks!G11,0) -> 0.045213726 | H12: =MAX(H11+Summary!$C$7*(Summary!$C$8-H11)*Summary!$B$3+Summary!$C$9*SQRT(MAX(H11,0)*Summary!$B$3)*Shocks!H11,0) -> 0.048357087 | I12: =MAX(I11+Summary!$C$7*(Summary!$C$8-I11)*Summary!$B$3+Summary!$C$9*SQRT(MAX(I11,0)*Summary!$B$3)*Shocks!I11,0) -> 0.040779927 | ... U12: =MAX(U11+Summary!$C$7*(Summary!$C$8-U11)*Summary!$B$3+Summary!$C$9*SQRT(MAX(U11,0)*Summary!$B$3)*Shocks!U11,0) -> 0.042551074
A13: 11 | B13: =MAX(B12+Summary!$C$7*(Summary!$C$8-B12)*Summary!$B$3+Summary!$C$9*SQRT(MAX(B12,0)*Summary!$B$3)*Shocks!B12,0) -> 0.043100955 | C13: =MAX(C12+Summary!$C$7*(Summary!$C$8-C12)*Summary!$B$3+Summary!$C$9*SQRT(MAX(C12,0)*Summary!$B$3)*Shocks!C12,0) -> 0.044814536 | D13: =MAX(D12+Summary!$C$7*(Summary!$C$8-D12)*Summary!$B$3+Summary!$C$9*SQRT(MAX(D12,0)*Summary!$B$3)*Shocks!D12,0) -> 0.037376123 | E13: =MAX(E12+Summary!$C$7*(Summary!$C$8-E12)*Summary!$B$3+Summary!$C$9*SQRT(MAX(E12,0)*Summary!$B$3)*Shocks!E12,0) -> 0.038935177 | F13: =MAX(F12+Summary!$C$7*(Summary!$C$8-F12)*Summary!$B$3+Summary!$C$9*SQRT(MAX(F12,0)*Summary!$B$3)*Shocks!F12,0) -> 0.048152707 | G13: =MAX(G12+Summary!$C$7*(Summary!$C$8-G12)*Summary!$B$3+Summary!$C$9*SQRT(MAX(G12,0)*Summary!$B$3)*Shocks!G12,0) -> 0.045942402 | H13: =MAX(H12+Summary!$C$7*(Summary!$C$8-H12)*Summary!$B$3+Summary!$C$9*SQRT(MAX(H12,0)*Summary!$B$3)*Shocks!H12,0) -> 0.049098353 | I13: =MAX(I12+Summary!$C$7*(Summary!$C$8-I12)*Summary!$B$3+Summary!$C$9*SQRT(MAX(I12,0)*Summary!$B$3)*Shocks!I12,0) -> 0.041486065 | ... U13: =MAX(U12+Summary!$C$7*(Summary!$C$8-U12)*Summary!$B$3+Summary!$C$9*SQRT(MAX(U12,0)*Summary!$B$3)*Shocks!U12,0) -> 0.04243906
A14: 12 | B14: =MAX(B13+Summary!$C$7*(Summary!$C$8-B13)*Summary!$B$3+Summary!$C$9*SQRT(MAX(B13,0)*Summary!$B$3)*Shocks!B13,0) -> 0.039967315 | C14: =MAX(C13+Summary!$C$7*(Summary!$C$8-C13)*Summary!$B$3+Summary!$C$9*SQRT(MAX(C13,0)*Summary!$B$3)*Shocks!C13,0) -> 0.045823566 | D14: =MAX(D13+Summary!$C$7*(Summary!$C$8-D13)*Summary!$B$3+Summary!$C$9*SQRT(MAX(D13,0)*Summary!$B$3)*Shocks!D13,0) -> 0.034859654 | E14: =MAX(E13+Summary!$C$7*(Summary!$C$8-E13)*Summary!$B$3+Summary!$C$9*SQRT(MAX(E13,0)*Summary!$B$3)*Shocks!E13,0) -> 0.038114516 | F14: =MAX(F13+Summary!$C$7*(Summary!$C$8-F13)*Summary!$B$3+Summary!$C$9*SQRT(MAX(F13,0)*Summary!$B$3)*Shocks!F13,0) -> 0.049875999 | G14: =MAX(G13+Summary!$C$7*(Summary!$C$8-G13)*Summary!$B$3+Summary!$C$9*SQRT(MAX(G13,0)*Summary!$B$3)*Shocks!G13,0) -> 0.045922134 | H14: =MAX(H13+Summary!$C$7*(Summary!$C$8-H13)*Summary!$B$3+Summary!$C$9*SQRT(MAX(H13,0)*Summary!$B$3)*Shocks!H13,0) -> 0.047096453 | I14: =MAX(I13+Summary!$C$7*(Summary!$C$8-I13)*Summary!$B$3+Summary!$C$9*SQRT(MAX(I13,0)*Summary!$B$3)*Shocks!I13,0) -> 0.040244265 | ... U14: =MAX(U13+Summary!$C$7*(Summary!$C$8-U13)*Summary!$B$3+Summary!$C$9*SQRT(MAX(U13,0)*Summary!$B$3)*Shocks!U13,0) -> 0.042327561
... A254: 252 | B254: =MAX(B253+Summary!$C$7*(Summary!$C$8-B253)*Summary!$B$3+Summary!$C$9*SQRT(MAX(B253,0)*Summary!$B$3)*Shocks!B253,0) -> 0.038544106 | C254: =MAX(C253+Summary!$C$7*(Summary!$C$8-C253)*Summary!$B$3+Summary!$C$9*SQRT(MAX(C253,0)*Summary!$B$3)*Shocks!C253,0) -> 0.011411899 | D254: =MAX(D253+Summary!$C$7*(Summary!$C$8-D253)*Summary!$B$3+Summary!$C$9*SQRT(MAX(D253,0)*Summary!$B$3)*Shocks!D253,0) -> 0.026169051 | E254: =MAX(E253+Summary!$C$7*(Summary!$C$8-E253)*Summary!$B$3+Summary!$C$9*SQRT(MAX(E253,0)*Summary!$B$3)*Shocks!E253,0) -> 0.020008593 | F254: =MAX(F253+Summary!$C$7*(Summary!$C$8-F253)*Summary!$B$3+Summary!$C$9*SQRT(MAX(F253,0)*Summary!$B$3)*Shocks!F253,0) -> 0.013072441 | G254: =MAX(G253+Summary!$C$7*(Summary!$C$8-G253)*Summary!$B$3+Summary!$C$9*SQRT(MAX(G253,0)*Summary!$B$3)*Shocks!G253,0) -> 0.0076492105 | H254: =MAX(H253+Summary!$C$7*(Summary!$C$8-H253)*Summary!$B$3+Summary!$C$9*SQRT(MAX(H253,0)*Summary!$B$3)*Shocks!H253,0) -> 0.030620519 | I254: =MAX(I253+Summary!$C$7*(Summary!$C$8-I253)*Summary!$B$3+Summary!$C$9*SQRT(MAX(I253,0)*Summary!$B$3)*Shocks!I253,0) -> 0.037424171 | ... U254: =MAX(U253+Summary!$C$7*(Summary!$C$8-U253)*Summary!$B$3+Summary!$C$9*SQRT(MAX(U253,0)*Summary!$B$3)*Shocks!U253,0) -> 0.026158967
A256: Final rate: mean | B256: =AVERAGE(B254:U254) -> 0.025214607
A257: Final rate: min | B257: =MIN(B254:U254) -> 0.0076208642
A258: Final rate: max | B258: =MAX(B254:U254) -> 0.054752108
