Workbook

Sheet Stats
A1: Markowitz mean-variance optimization: JPM, GS, MS, daily data for 2024 (Yahoo Finance)
A2: Risk-free rate (assumed) | B2: 0.042
A3: Trading days per year | B3: 252
A5: Statistic | B5: JPM | C5: GS | D5: MS
A6: Annualized mean return | B6: =AVERAGE(Returns!B2:B252)*$B$3 -> 0.3564837 | C6: =AVERAGE(Returns!C2:C252)*$B$3 -> 0.41402241 | D6: =AVERAGE(Returns!D2:D252)*$B$3 -> 0.32890909
A7: Annualized volatility | B7: =STDEV(Returns!B2:B252)*SQRT($B$3) -> 0.23344726 | C7: =STDEV(Returns!C2:C252)*SQRT($B$3) -> 0.2546306 | D7: =STDEV(Returns!D2:D252)*SQRT($B$3) -> 0.25985563
A8: Sharpe ratio | B8: =(B6-$B$2)/B7 -> 1.3471295 | C8: =(C6-$B$2)/C7 -> 1.4610279 | D8: =(D6-$B$2)/D7 -> 1.1041096
A9: Excess return over risk-free | B9: =B6-$B$2 -> 0.3144837 | C9: =C6-$B$2 -> 0.37202241 | D9: =D6-$B$2 -> 0.28690909
A11: Annualized covariance | B11: JPM | C11: GS | D11: MS
A12: JPM | B12: =_xlfn.COVARIANCE.S(Returns!B2:B252,Returns!B2:B252)*$B$3 -> 0.054497624 | C12: =_xlfn.COVARIANCE.S(Returns!B2:B252,Returns!C2:C252)*$B$3 -> 0.045836403 | D12: =_xlfn.COVARIANCE.S(Returns!B2:B252,Returns!D2:D252)*$B$3 -> 0.03894105
A13: GS | B13: =_xlfn.COVARIANCE.S(Returns!C2:C252,Returns!B2:B252)*$B$3 -> 0.045836403 | C13: =_xlfn.COVARIANCE.S(Returns!C2:C252,Returns!C2:C252)*$B$3 -> 0.06483674 | D13: =_xlfn.COVARIANCE.S(Returns!C2:C252,Returns!D2:D252)*$B$3 -> 0.052268949
A14: MS | B14: =_xlfn.COVARIANCE.S(Returns!D2:D252,Returns!B2:B252)*$B$3 -> 0.03894105 | C14: =_xlfn.COVARIANCE.S(Returns!D2:D252,Returns!C2:C252)*$B$3 -> 0.052268949 | D14: =_xlfn.COVARIANCE.S(Returns!D2:D252,Returns!D2:D252)*$B$3 -> 0.067524949
A16: Correlation | B16: JPM | C16: GS | D16: MS
A17: JPM | B17: =CORREL(Returns!B2:B252,Returns!B2:B252) -> 1 | C17: =CORREL(Returns!B2:B252,Returns!C2:C252) -> 0.77110081 | D17: =CORREL(Returns!B2:B252,Returns!D2:D252) -> 0.64192861
A18: GS | B18: =CORREL(Returns!C2:C252,Returns!B2:B252) -> 0.77110081 | C18: =CORREL(Returns!C2:C252,Returns!C2:C252) -> 1 | D18: =CORREL(Returns!C2:C252,Returns!D2:D252) -> 0.78995264
A19: MS | B19: =CORREL(Returns!D2:D252,Returns!B2:B252) -> 0.64192861 | C19: =CORREL(Returns!D2:D252,Returns!C2:C252) -> 0.78995264 | D19: =CORREL(Returns!D2:D252,Returns!D2:D252) -> 1
A21: Inverse of covariance (array formula)
B22: {=MINVERSE(B12:D14)} -> 45.583776 | C22: -29.345815 | D22: -3.57209
B23: -29.345815 | C23: 59.914483 | D23: -29.45445
B24: -3.57209 | C24: -29.45445 | D24: 39.669102
A26: Closed-form portfolios | B26: JPM | C26: GS | D26: MS | E26: Return | F26: Volatility | G26: Sharpe
A27: Global minimum variance | B27: =SUM(B22:D22)/SUM(B22:D24) -> 0.62018742 | C27: =SUM(B23:D23)/SUM(B22:D24) -> 0.054557956 | D27: =SUM(B24:D24)/SUM(B22:D24) -> 0.32525462 | E27: =SUMPRODUCT(B27:D27,$B$6:$D$6) -> 0.35065413 | F27: =SQRT(SUMPRODUCT(MMULT(B27:D27,$B$12:$D$14),B27:D27)) -> 0.2212809 | G27: =(E27-$B$2)/F27 -> 1.3948521
A28: Maximum Sharpe (tangency) | B28: =SUMPRODUCT(B22:D22,$B$9:$D$9)/(SUMPRODUCT(B22:D22,$B$9:$D$9)+SUMPRODUCT(B23:D23,$B$9:$D$9)+SUMPRODUCT(B24:D24,$B$9:$D$9)) -> 0.37965821 | C28: =SUMPRODUCT(B23:D23,$B$9:$D$9)/(SUMPRODUCT(B22:D22,$B$9:$D$9)+SUMPRODUCT(B23:D23,$B$9:$D$9)+SUMPRODUCT(B24:D24,$B$9:$D$9)) -> 0.73133565 | D28: =SUMPRODUCT(B24:D24,$B$9:$D$9)/(SUMPRODUCT(B22:D22,$B$9:$D$9)+SUMPRODUCT(B23:D23,$B$9:$D$9)+SUMPRODUCT(B24:D24,$B$9:$D$9)) -> -0.11099385 | E28: =SUMPRODUCT(B28:D28,$B$6:$D$6) -> 0.40162442 | F28: =SQRT(SUMPRODUCT(MMULT(B28:D28,$B$12:$D$14),B28:D28)) -> 0.23885398 | G28: =(E28-$B$2)/F28 -> 1.5056246
A30: Equal-weight check
A31: Weights | B31: JPM | C31: GS | D31: MS | E31: Return | F31: Volatility | G31: Sharpe
A32: Equal weight | B32: =1/3 -> 0.33333333 | C32: =1/3 -> 0.33333333 | D32: =1/3 -> 0.33333333 | E32: =SUMPRODUCT(B32:D32,$B$6:$D$6) -> 0.36647173 | F32: =SQRT(SUMPRODUCT(MMULT(B32:D32,$B$12:$D$14),B32:D32)) -> 0.22631152 | G32: =(E32-$B$2)/F32 -> 1.4337394
A34: Long-only, no-constraint closed forms may include negative weights; the random portfolios below are long-only.

Sheet Prices
A1: Date | B1: JPM | C1: GS | D1: MS
A2: 45293 | B2: 162.27829 | C2: 366.17377 | D2: 86.703156
A3: 45294 | B3: 161.571 | C3: 360.03479 | D3: 84.865685
A4: 45295 | B4: 162.64323 | C4: 361.12863 | D4: 85.08728
A5: 45296 | B5: 163.45924 | C5: 364.41974 | D5: 86.093735
A6: 45299 | B6: 163.22203 | C6: 366.70187 | D6: 86.343033
A7: 45300 | B7: 161.93158 | C7: 361.87363 | D7: 85.004181
A8: 45301 | B8: 162.27318 | C8: 360.19507 | D8: 84.468636
A9: 45302 | B9: 161.59001 | C9: 358.11102 | D9: 83.572983
A10: 45303 | B10: 160.40393 | C10: 356.22495 | D10: 82.825058
A11: 45307 | B11: 159.39815 | C11: 358.77112 | D11: 79.380928
A12: 45308 | B12: 158.54417 | C12: 355.68741 | D12: 77.940506
A13: 45309 | B13: 158.85727 | C13: 355.43289 | D13: 77.469589
... A253: 45657 | B253: 231.45415 | C253: 553.07159 | D253: 120.3127

Sheet Returns
A1: Date | B1: JPM log ret | C1: GS log ret | D1: MS log ret
A2: =Prices!A3 -> 45294 | B2: =LN(Prices!B3/Prices!B2) -> -0.0043680304 | C2: =LN(Prices!C3/Prices!C2) -> -0.016907328 | D2: =LN(Prices!D3/Prices!D2) -> -0.021420455
A3: =Prices!A4 -> 45295 | B3: =LN(Prices!B4/Prices!B3) -> 0.0066143858 | C3: =LN(Prices!C4/Prices!C3) -> 0.0030335493 | D3: =LN(Prices!D4/Prices!D3) -> 0.002607732
A4: =Prices!A5 -> 45296 | B4: =LN(Prices!B5/Prices!B4) -> 0.0050046306 | C4: =LN(Prices!C5/Prices!C4) -> 0.0090721167 | D4: =LN(Prices!D5/Prices!D4) -> 0.011759085
A5: =Prices!A6 -> 45299 | B5: =LN(Prices!B6/Prices!B5) -> -0.0014522606 | C5: =LN(Prices!C6/Prices!C5) -> 0.0062428531 | D5: =LN(Prices!D6/Prices!D5) -> 0.0028914746
A6: =Prices!A7 -> 45300 | B6: =LN(Prices!B7/Prices!B6) -> -0.0079375273 | C6: =LN(Prices!C7/Prices!C6) -> -0.013254132 | D6: =LN(Prices!D7/Prices!D6) -> -0.015627674
A7: =Prices!A8 -> 45301 | B7: =LN(Prices!B8/Prices!B7) -> 0.0021073018 | C7: =LN(Prices!C8/Prices!C7) -> -0.0046493121 | D7: =LN(Prices!D8/Prices!D7) -> -0.0063201538
A8: =Prices!A9 -> 45302 | B8: =LN(Prices!B9/Prices!B8) -> -0.0042188649 | C8: =LN(Prices!C9/Prices!C8) -> -0.005802683 | D8: =LN(Prices!D9/Prices!D8) -> -0.010659993
A9: =Prices!A10 -> 45303 | B9: =LN(Prices!B10/Prices!B9) -> -0.0073671342 | C9: =LN(Prices!C10/Prices!C9) -> -0.0052806588 | D9: =LN(Prices!D10/Prices!D9) -> -0.0089896472
A10: =Prices!A11 -> 45307 | B10: =LN(Prices!B11/Prices!B10) -> -0.0062900554 | C10: =LN(Prices!C11/Prices!C10) -> 0.0071222318 | D10: =LN(Prices!D11/Prices!D10) -> -0.04247251
A11: =Prices!A12 -> 45308 | B11: =LN(Prices!B12/Prices!B11) -> -0.0053718891 | C11: =LN(Prices!C12/Prices!C11) -> -0.0086323523 | D11: =LN(Prices!D12/Prices!D11) -> -0.018312347
A12: =Prices!A13 -> 45309 | B12: =LN(Prices!B13/Prices!B12) -> 0.0019728656 | C12: =LN(Prices!C13/Prices!C12) -> -0.00071581872 | D12: =LN(Prices!D13/Prices!D12) -> -0.0060603295
A13: =Prices!A14 -> 45310 | B13: =LN(Prices!B14/Prices!B13) -> 0.017114757 | C13: =LN(Prices!C14/Prices!C13) -> 0.01393749 | D13: =LN(Prices!D14/Prices!D13) -> 0.017017504
... A252: =Prices!A253 -> 45657 | B252: =LN(Prices!B253/Prices!B252) -> 0.0016283066 | C252: =LN(Prices!C253/Prices!C252) -> -0.0016226919 | D252: =LN(Prices!D253/Prices!D252) -> -0.00023859482

Sheet Frontier
A1: u1 | B1: u2 | C1: u3 | D1: w1 JPM | E1: w2 GS | F1: w3 MS | G1: Return | H1: Volatility | I1: Sharpe | K1: Max Sharpe (random) | L1: =MAX(I2:I5001) -> 1.5012894
A2: 0.37454012 | B2: 0.95071431 | C2: 0.73199394 | D2: =A2/SUM($A2:$C2) -> 0.18205878 | E2: =B2/SUM($A2:$C2) -> 0.46212909 | F2: =C2/SUM($A2:$C2) -> 0.35581214 | G2: =SUMPRODUCT(D2:F2,Stats!$B$6:$D$6) -> 0.37326263 | H2: =SQRT(SUMPRODUCT(MMULT(D2:F2,Stats!$B$12:$D$14),D2:F2)) -> 0.23269971 | I2: =(G2-Stats!$B$2)/H2 -> 1.4235627 | K2: return | L2: =INDEX(G2:G5001,MATCH(L1,I2:I5001,0)) -> 0.3923581
A3: 0.59865848 | B3: 0.15601864 | C3: 0.15599452 | D3: =A3/SUM($A3:$C3) -> 0.65738127 | E3: =B3/SUM($A3:$C3) -> 0.17132261 | F3: =C3/SUM($A3:$C3) -> 0.17129612 | G3: =SUMPRODUCT(D3:F3,Stats!$B$6:$D$6) -> 0.36161796 | H3: =SQRT(SUMPRODUCT(MMULT(D3:F3,Stats!$B$12:$D$14),D3:F3)) -> 0.2227062 | I3: =(G3-Stats!$B$2)/H3 -> 1.4351552 | K3: volatility | L3: =INDEX(H2:H5001,MATCH(L1,I2:I5001,0)) -> 0.23337146
A4: 0.058083612 | B4: 0.86617615 | C4: 0.60111501 | D4: =A4/SUM($A4:$C4) -> 0.038078257 | E4: =B4/SUM($A4:$C4) -> 0.56784481 | F4: =C4/SUM($A4:$C4) -> 0.39407693 | G4: =SUMPRODUCT(D4:F4,Stats!$B$6:$D$6) -> 0.37829024 | H4: =SQRT(SUMPRODUCT(MMULT(D4:F4,Stats!$B$12:$D$14),D4:F4)) -> 0.24086443 | I4: =(G4-Stats!$B$2)/H4 -> 1.3961806 | K4: Min volatility (random) | L4: =MIN(H2:H5001) -> 0.22128094
A5: 0.70807258 | B5: 0.020584494 | C5: 0.96990985 | D5: =A5/SUM($A5:$C5) -> 0.41686469 | E5: =B5/SUM($A5:$C5) -> 0.012118742 | F5: =C5/SUM($A5:$C5) -> 0.57101657 | G5: =SUMPRODUCT(D5:F5,Stats!$B$6:$D$6) -> 0.34143544 | H5: =SQRT(SUMPRODUCT(MMULT(D5:F5,Stats!$B$12:$D$14),D5:F5)) -> 0.22632367 | I5: =(G5-Stats!$B$2)/H5 -> 1.3230407 | K5: return | L5: =INDEX(G2:G5001,MATCH(L4,H2:H5001,0)) -> 0.35059342
A6: 0.83244264 | B6: 0.21233911 | C6: 0.18182497 | D6: =A6/SUM($A6:$C6) -> 0.67865488 | E6: =B6/SUM($A6:$C6) -> 0.173111 | F6: =C6/SUM($A6:$C6) -> 0.14823412 | G6: =SUMPRODUCT(D6:F6,Stats!$B$6:$D$6) -> 0.36235679 | H6: =SQRT(SUMPRODUCT(MMULT(D6:F6,Stats!$B$12:$D$14),D6:F6)) -> 0.22319111 | I6: =(G6-Stats!$B$2)/H6 -> 1.4353474
A7: 0.18340451 | B7: 0.30424224 | C7: 0.52475643 | D7: =A7/SUM($A7:$C7) -> 0.18115758 | E7: =B7/SUM($A7:$C7) -> 0.3005149 | F7: =C7/SUM($A7:$C7) -> 0.51832752 | G7: =SUMPRODUCT(D7:F7,Stats!$B$6:$D$6) -> 0.35948226 | H7: =SQRT(SUMPRODUCT(MMULT(D7:F7,Stats!$B$12:$D$14),D7:F7)) -> 0.23317906 | I7: =(G7-Stats!$B$2)/H7 -> 1.3615385
A8: 0.43194502 | B8: 0.29122914 | C8: 0.61185289 | D8: =A8/SUM($A8:$C8) -> 0.32354776 | E8: =B8/SUM($A8:$C8) -> 0.21814475 | F8: =C8/SUM($A8:$C8) -> 0.45830749 | G8: =SUMPRODUCT(D8:F8,Stats!$B$6:$D$6) -> 0.35639782 | H8: =SQRT(SUMPRODUCT(MMULT(D8:F8,Stats!$B$12:$D$14),D8:F8)) -> 0.22681296 | I8: =(G8-Stats!$B$2)/H8 -> 1.3861546
A9: 0.13949386 | B9: 0.29214465 | C9: 0.36636184 | D9: =A9/SUM($A9:$C9) -> 0.17480426 | E9: =B9/SUM($A9:$C9) -> 0.36609589 | F9: =C9/SUM($A9:$C9) -> 0.45909985 | G9: =SUMPRODUCT(D9:F9,Stats!$B$6:$D$6) -> 0.36488889 | H9: =SQRT(SUMPRODUCT(MMULT(D9:F9,Stats!$B$12:$D$14),D9:F9)) -> 0.2329689 | I9: =(G9-Stats!$B$2)/H9 -> 1.3859742
A10: 0.45606998 | B10: 0.78517596 | C10: 0.19967378 | D10: =A10/SUM($A10:$C10) -> 0.31651311 | E10: =B10/SUM($A10:$C10) -> 0.54491305 | F10: =C10/SUM($A10:$C10) -> 0.13857384 | G10: =SUMPRODUCT(D10:F10,Stats!$B$6:$D$6) -> 0.38401618 | H10: =SQRT(SUMPRODUCT(MMULT(D10:F10,Stats!$B$12:$D$14),D10:F10)) -> 0.23049713 | I10: =(G10-Stats!$B$2)/H10 -> 1.4838197
A11: 0.51423444 | B11: 0.59241457 | C11: 0.046450413 | D11: =A11/SUM($A11:$C11) -> 0.44595846 | E11: =B11/SUM($A11:$C11) -> 0.51375845 | F11: =C11/SUM($A11:$C11) -> 0.040283094 | G11: =SUMPRODUCT(D11:F11,Stats!$B$6:$D$6) -> 0.38493391 | H11: =SQRT(SUMPRODUCT(MMULT(D11:F11,Stats!$B$12:$D$14),D11:F11)) -> 0.22940736 | I11: =(G11-Stats!$B$2)/H11 -> 1.4948688
A12: 0.60754485 | B12: 0.17052412 | C12: 0.065051593 | D12: =A12/SUM($A12:$C12) -> 0.72059071 | E12: =B12/SUM($A12:$C12) -> 0.20225354 | F12: =C12/SUM($A12:$C12) -> 0.077155742 | G12: =SUMPRODUCT(D12:F12,Stats!$B$6:$D$6) -> 0.36599357 | H12: =SQRT(SUMPRODUCT(MMULT(D12:F12,Stats!$B$12:$D$14),D12:F12)) -> 0.22510915 | I12: =(G12-Stats!$B$2)/H12 -> 1.4392732
A13: 0.94888554 | B13: 0.96563203 | C13: 0.80839735 | D13: =A13/SUM($A13:$C13) -> 0.34848152 | E13: =B13/SUM($A13:$C13) -> 0.35463173 | F13: =C13/SUM($A13:$C13) -> 0.29688675 | G13: =SUMPRODUCT(D13:F13,Stats!$B$6:$D$6) -> 0.36870222 | H13: =SQRT(SUMPRODUCT(MMULT(D13:F13,Stats!$B$12:$D$14),D13:F13)) -> 0.22609105 | I13: =(G13-Stats!$B$2)/H13 -> 1.4450029
A14: 0.30461377 | B14: 0.097672114 | C14: 0.68423303 | D14: =A14/SUM($A14:$C14) -> 0.28035754 | E14: =B14/SUM($A14:$C14) -> 0.089894537 | F14: =C14/SUM($A14:$C14) -> 0.62974792 | G14: =SUMPRODUCT(D14:F14,Stats!$B$6:$D$6) -> 0.34429106 | H14: =SQRT(SUMPRODUCT(MMULT(D14:F14,Stats!$B$12:$D$14),D14:F14)) -> 0.23144224 | I14: =(G14-Stats!$B$2)/H14 -> 1.3061188
A15: 0.44015249 | B15: 0.12203823 | C15: 0.49517691 | D15: =A15/SUM($A15:$C15) -> 0.41627195 | E15: =B15/SUM($A15:$C15) -> 0.11541703 | F15: =C15/SUM($A15:$C15) -> 0.46831101 | G15: =SUMPRODUCT(D15:F15,Stats!$B$6:$D$6) -> 0.35021116 | H15: =SQRT(SUMPRODUCT(MMULT(D15:F15,Stats!$B$12:$D$14),D15:F15)) -> 0.22439679 | I15: =(G15-Stats!$B$2)/H15 -> 1.3735096
A16: 0.034388521 | B16: 0.9093204 | C16: 0.25877998 | D16: =A16/SUM($A16:$C16) -> 0.028597787 | E16: =B16/SUM($A16:$C16) -> 0.75619858 | F16: =C16/SUM($A16:$C16) -> 0.21520363 | G16: =SUMPRODUCT(D16:F16,Stats!$B$6:$D$6) -> 0.39406023 | H16: =SQRT(SUMPRODUCT(MMULT(D16:F16,Stats!$B$12:$D$14),D16:F16)) -> 0.24438038 | I16: =(G16-Stats!$B$2)/H16 -> 1.440624
A17: 0.66252228 | B17: 0.31171108 | C17: 0.52006802 | D17: =A17/SUM($A17:$C17) -> 0.4433659 | E17: =B17/SUM($A17:$C17) -> 0.20859987 | F17: =C17/SUM($A17:$C17) -> 0.34803422 | G17: =SUMPRODUCT(D17:F17,Stats!$B$6:$D$6) -> 0.35888936 | H17: =SQRT(SUMPRODUCT(MMULT(D17:F17,Stats!$B$12:$D$14),D17:F17)) -> 0.22315654 | I17: =(G17-Stats!$B$2)/H17 -> 1.4200317
... A5001: 0.051239541 | B5001: 0.68296159 | C5001: 0.25107902 | D5001: =A5001/SUM($A5001:$C5001) -> 0.052005047 | E5001: =B5001/SUM($A5001:$C5001) -> 0.69316487 | F5001: =C5001/SUM($A5001:$C5001) -> 0.25483008 | G5001: =SUMPRODUCT(D5001:F5001,Stats!$B$6:$D$6) -> 0.38934067 | H5001: =SQRT(SUMPRODUCT(MMULT(D5001:F5001,Stats!$B$12:$D$14),D5001:F5001)) -> 0.24184127 | I5001: =(G5001-Stats!$B$2)/H5001 -> 1.4362341
